,학교명,위도,경도
1152,국립국악중학교,37.47628967,127.0511892
2342,국립전통예술중학교,37.44636909,126.9064673
4235,금천문화예술정보학교,37.47926444,126.9072211
5476,서울다솜관광고등학교,37.57209208,127.0172947
7709,서울산업정보학교,37.47050647,126.9419419
9005,서울실용음악고등학교,37.56334363,127.0206354
10833,서초문화예술정보학교,37.48806568,127.0299741
11504,선화예술중학교,37.55098142,127.0870937
13516,아현산업정보학교,37.5570236,126.9580154
15344,여명학교,37.56111529,126.864217
17009,예원학교,37.5669814,126.9715397
17811,오디세이학교,37.57209208,127.0172947
19236,은평문화예술정보학교,37.58958023,126.9191205
21013,종로산업정보학교,37.57256874,127.0171865
22073,서울명신초등학교,37.58144971,127.0146244
22074,서울재동초등학교,37.58002917,126.9851729
22075,서울창신초등학교,37.57621192,127.0142971
22076,서울청운초등학교,37.58601787,126.9691835
22077,서울혜화초등학교,37.58863646,127.0002516
22078,린덴바움유치원,37.57476936,126.9615723
22079,배화여자대학교,37.57954091,126.9672914
22080,봄샘유치원,37.573453,127.0065561
22081,상명사대부속유치원,37.60074594,126.9564214
22082,세검정유치원,37.60026988,126.9596556
22083,세종유치원,37.57541092,126.9700201
22084,옥인유치원,37.58222561,126.9703453
22085,운현유치원,37.57663084,126.9881624
22086,청룡유치원,37.57941224,127.0166552
22087,한아름유치원,37.5905266,127.0010756
22088,혜화유치원,37.5868767,127.0031284
22089,서울대학교사범대학부설초등학교,37.57759678,127.0042935
22090,서울교동초등학교,37.57500887,126.9881504
22091,서울독립문초등학교,37.57421467,126.9599724
22092,서울매동초등학교,37.57750154,126.966946
22094,서울세검정초등학교,37.60348111,126.9610832
22099,서울효제초등학교,37.57268832,127.0034871
22100,상명대학교사범대학부속초등학교,37.60074594,126.9564214
22101,운현초등학교,37.57663084,126.9881624
22102,서울대학교사범대학부설여자중학교,37.57759678,127.0042935
22103,청운중학교,37.58917195,126.9713028
22104,경신중학교,37.59219852,126.9995359
22105,대신중학교,37.57312668,126.9612555
22106,덕성여자중학교,37.57778454,126.9819088
22107,동성중학교,37.58506495,127.0030506
22108,배화여자중학교,37.57954091,126.9672914
22109,상명대학교사범대학부속여자중학교,37.60410469,126.9551628
22110,중앙중학교,37.58378825,126.9874769
22111,경기상업고등학교,37.5892602,126.970056
22112,경복고등학교,37.585948,126.9715056
22113,서울과학고등학교,37.59154946,126.9984349
22114,서울국제고등학교,37.59179476,126.9954875
22115,경신고등학교,37.59219852,126.9995359
22116,대동세무고등학교,37.58158473,126.9879483
22117,대신고등학교,37.57312668,126.9612555
22118,덕성여자고등학교,37.57775352,126.9835395
22119,동성고등학교,37.58506495,127.0030506
22120,배화여자고등학교,37.57954091,126.9672914
22121,상명대학교사범대학부속여자고등학교,37.60410469,126.9551628
22122,서울예술고등학교,37.60575733,126.9678922
22123,서일문화예술고등학교,37.57938007,127.0127949
22124,중앙고등학교,37.58378825,126.9874769
22125,서울농학교,37.58564484,126.9687697
22126,서울맹학교,37.58477105,126.9677627
22127,서울경운학교,37.57506573,126.9874251
22128,수도사랑의학교,37.5747834,126.9652287
22133,서울광희초등학교,37.56730323,127.0156935
22134,서울덕수초등학교,37.5690899,126.9746577
22135,서울장충유치원,37.55997148,127.0117038
22136,서울충무초등학교,37.56194686,127.0012304
22137,가명유치원,37.55919272,126.9669834
22138,근화유치원,37.55906553,127.0089654
22139,리라유치원,37.55781557,126.9879865
22140,수암유치원,37.54721605,127.0056591
22141,숭의여자대학교부설유치원,37.55785626,126.9874766
22142,신일유치원,37.55538651,127.0118661
22143,약수유치원,37.55545851,127.0161773
22144,영락유치원,37.56318701,126.9891816
22145,한일유치원,37.56318587,127.0200828
22147,서울남산초등학교,37.55978746,126.9867714
22149,서울봉래초등학교,37.55641141,126.9652561
22150,서울신당초등학교,37.56359405,127.023677
22151,서울장충초등학교,37.55997148,127.0117038
22152,서울청구초등학교,37.55911438,127.0137298
22154,서울흥인초등학교,37.5608693,127.0145556
22155,동산초등학교,37.5562019,127.0167221
22156,리라초등학교,37.55781557,126.9879865
22157,숭의초등학교,37.55785626,126.9874766
22158,금호여자중학교,37.55804409,127.020467
22159,덕수중학교,37.56557824,126.9969938
22160,장원중학교,37.55396813,127.0060449
22161,창덕여자중학교,37.56642955,126.9692154
22162,대경중학교,37.55637524,127.0169802
22163,장충중학교,37.55351169,127.0064131
22164,한양중학교,37.56584366,127.0113886
22165,환일중학교,37.55391598,126.9622235
22166,성동고등학교,37.56416009,127.0223905
22167,성동공업고등학교,37.56941307,127.0169449
22168,성동글로벌경영고등학교,37.56585252,127.0135279
22169,대경생활과학고등학교,37.55637524,127.0169802
22170,리라아트고등학교,37.5571328,126.9882221
22171,서울의료보건고등학교,37.55729819,126.9667153
22172,이화여자고등학교,37.5661776,126.9713243
22173,이화여자외국어고등학교,37.56557731,126.969646
22174,장충고등학교,37.55351169,127.0064131
22175,한양공업고등학교,37.56584366,127.0113886
22176,환일고등학교,37.55391598,126.9622235
22178,지구촌학교,37.48885785,126.8351755
22179,서울남정초등학교,37.53567446,126.9648069
22180,서울서빙고초등학교,37.52207188,126.9923039
22181,서울청파유치원,37.54730493,126.9635486
22182,서울한남초등학교,37.53920521,127.0055956
22183,강변유치원,37.51833094,126.9774219
22184,계성유치원,37.53585686,126.9527766
22185,대건유치원,37.52071343,126.9778532
22186,도원유치원,37.53870405,126.9578627
22187,복자유치원,37.55200063,126.9781849
22188,원유치원,37.51965023,126.9768156
22189,일민유치원,37.53442823,126.9501829
22190,충신유치원,37.52101503,126.973143
22191,한가람유치원,37.51951743,126.9812633
22192,서울금양초등학교,37.54093756,126.9618374
22194,서울보광초등학교,37.53254082,126.9963948
22195,서울삼광초등학교,37.54775193,126.9765906
22197,서울신용산초등학교,37.52062883,126.9753656
22198,서울용산초등학교,37.53561582,126.9725471
22199,서울용암초등학교,37.54530343,126.9894342
22200,서울원효초등학교,37.53616136,126.9515503
22201,서울이태원초등학교,37.53647615,126.9876748
22202,서울청파초등학교,37.54730493,126.9635486
22203,서울한강초등학교,37.52522488,126.9650982
22205,서울후암초등학교,37.55136439,126.9817246
22206,신광초등학교,37.54289634,126.9694486
22207,선린중학교,37.5427675,126.9660442
22208,용강중학교,37.521576,126.9754884
22209,용산중학교,37.54598729,126.9809263
22210,한강중학교,37.52360783,126.9927923
22211,배문중학교,37.54992111,126.9639085
22212,보성여자중학교,37.54307875,126.9842814
22213,성심여자중학교,37.53420605,126.9545987
22214,신광여자중학교,37.54289634,126.9694486
22215,오산중학교,37.52357742,127.0008929
22216,선린인터넷고등학교,37.5427675,126.9660442
22217,용산고등학교,37.545865,126.9803281
22218,용산철도고등학교,37.52434362,126.9673617
22219,중경고등학교,37.5176758,126.9756435
22220,배문고등학교,37.54992111,126.9639085
22221,보성여자고등학교,37.54307875,126.9842814
22222,서울디지텍고등학교,37.53897017,126.9906171
22223,성심여자고등학교,37.53420605,126.9545987
22224,신광여자고등학교,37.54289634,126.9694486
22225,오산고등학교,37.52357742,127.0008929
22226,서울경동유치원,37.54382383,127.0500749
22227,서울경수초등학교,37.54043669,127.0580615
22228,서울경일초등학교,37.54093957,127.0466036
22229,서울금호초등학교,37.5519013,127.020751
22230,서울동명초등학교,37.56812104,127.0351077
22231,서울마장초등학교,37.56815733,127.0417859
22232,서울무학초등학교,37.56326494,127.0296691
22233,서울사근초등학교,37.56268067,127.0475721
22234,서울성수초등학교,37.54397574,127.0634715
22235,서울송원초등학교,37.55424125,127.0695001
22236,서울숭신초등학교,37.56791633,127.0277184
22237,서울옥수초등학교,37.54553119,127.0218753
22238,서울옥정초등학교,37.54230896,127.0157841
22239,서울용답초등학교,37.56073007,127.0537656
22240,경동유치원,37.55450505,127.0261721
22241,금호유치원,37.54879419,127.0231116
22242,로사유치원,37.53947737,127.046294
22243,미타유치원,37.54360946,127.0172268
22244,성심유치원,37.56624211,127.0334226
22245,세성유치원,37.55385791,127.0340577
22246,세인유치원,37.56503804,127.0460366
22247,아이들세상유치원,37.54532728,127.0179285
22248,에덴유치원,37.5582013,127.027505
22249,옥수삼성유치원,37.54263142,127.0155536
22250,옥수예일유치원,37.54459298,127.0119858
22251,율화유치원,37.55365926,127.0384289
22252,조은유치원,37.56961486,127.0415182
22253,한양여자대학교부속유치원,37.55791918,127.0493191
22254,서울경동초등학교,37.54382383,127.0500749
22257,서울금북초등학교,37.55749294,127.0235528
22258,서울금옥초등학교,37.54620936,127.0178151
22261,서울동호초등학교,37.54660336,127.0099563
22271,서울응봉초등학교,37.55019019,127.0340031
22272,서울행당초등학교,37.55701826,127.0348771
22273,서울행현초등학교,37.557604,127.0293802
22274,한양초등학교,37.55718384,127.0475175
22275,경수중학교,37.53950068,127.0593293
22276,경일중학교,37.54380591,127.0478459
22277,광희중학교,37.55115412,127.0339794
22278,동마중학교,37.56280256,127.0403603
22279,마장중학교,37.56815733,127.0417859
22280,무학중학교,37.55757184,127.0320518
22281,성수중학교,37.54734145,127.0382496
22282,성원중학교,37.53945525,127.0513863
22283,옥정중학교,37.54167292,127.0129861
22284,행당중학교,37.55452297,127.0415981
22285,한양대학교사범대학부속중학교,37.56191749,127.0423298
22286,경일고등학교,37.54380591,127.0478459
22287,금호고등학교,37.55361746,127.0234335
22288,도선고등학교,37.56668489,127.0269873
22289,무학여자고등학교,37.55762287,127.0338847
22290,서울방송고등학교,37.54777476,127.0110385
22291,성수고등학교,37.54734145,127.0382496
22292,한양대학교사범대학부속고등학교,37.55450043,127.0466122
22293,서울구의초등학교,37.54300861,127.0803106
22294,서울신양초등학교,37.53468329,127.0699917
22295,서울신자초등학교,37.53025795,127.0755905
22296,서울양남초등학교,37.53112071,127.0892363
22297,서울양진초등학교,37.54457086,127.0983071
22298,서울용곡초등학교,37.56711166,127.088448
22299,서울자양초등학교,37.53702922,127.0796145
22300,서울중광초등학교,37.56523806,127.0826979
22301,광남유치원,37.54162459,127.1006962
22302,광장유치원,37.54854303,127.1052306
22303,대원유치원,37.53452924,127.0756284
22304,동심유치원,37.55171624,127.0726777
22305,보성유치원,37.54377922,127.1044047
22306,선경유치원,37.53339559,127.0897857
22307,선양유치원,37.5541471,127.0712781
22308,선화유치원,37.54981673,127.086791
22309,성산유치원,37.5329108,127.0841796
22310,슬기유치원,37.55205092,127.0925717
22311,어린이회관유치원,37.54724593,127.0783008
22312,영화유치원,37.55405445,127.0977177
22313,인애유치원,37.53384131,127.0683389
22314,청구이화유치원,37.54316263,127.0956081
22315,프라임유치원,37.53875102,127.0984336
22317,서울광남초등학교,37.5405236,127.1004718
22318,서울광장초등학교,37.54855308,127.1018014
22319,서울광진초등학교,37.54749306,127.0916063
22320,서울구남초등학교,37.53705291,127.0920044
22322,서울동의초등학교,37.55369368,127.0988538
22323,서울동자초등학교,37.53506091,127.0721821
22324,서울성자초등학교,37.53149014,127.0834049
22330,서울용마초등학교,37.55782883,127.0835243
22332,서울장안초등학교,37.54987596,127.0724062
22334,서울중마초등학교,37.56610952,127.0800497
22335,경복초등학교,37.54981673,127.086791
22336,성동초등학교,37.53328356,127.0892779
22337,세종초등학교,37.5530063,127.0728767
22338,광남중학교,37.54082986,127.101645
22339,광양중학교,37.53088983,127.0861729
22340,광장중학교,37.54717545,127.1019311
22341,광진중학교,37.53221811,127.0901621
22342,구의중학교,37.54285301,127.0788414
22343,신양중학교,37.53364936,127.0634307
22344,양진중학교,37.54457086,127.0983071
22345,용곡중학교,37.5660884,127.0889585
22346,자양중학교,37.53573573,127.0743576
22347,건국대학교사범대학부속중학교,37.54172107,127.0815938
22348,대원국제중학교,37.56245138,127.0893763
22349,동국대학교사범대학부속여자중학교,37.54192495,127.0869777
22350,광남고등학교,37.54151142,127.1012181
22351,광양고등학교,37.52946823,127.0852738
22352,자양고등학교,37.53607913,127.073335
22353,건국대학교사범대학부속고등학교,37.53906339,127.0747125
22354,대원고등학교,37.56245138,127.0893763
22355,대원여자고등학교,37.56245138,127.0893763
22356,대원외국어고등학교,37.56245138,127.0893763
22357,동국대학교사범대학부속여자고등학교,37.54192495,127.0869777
22358,선화예술고등학교,37.55098142,127.0870937
22359,서울광진학교,37.53767127,127.0915669
22361,서울군자초등학교,37.56411786,127.0605257
22362,서울답십리초등학교,37.56880775,127.0554295
22363,서울이문유치원,37.60189723,127.0648873
22364,서울장평초등학교,37.57399071,127.0738963
22365,서울전곡초등학교,37.58070624,127.0560153
22366,서울전동초등학교,37.57908644,127.0608021
22367,서울홍파초등학교,37.58615862,127.0393703
22368,서울휘경유치원,37.58548918,127.0580724
22369,서울휘봉초등학교,37.58567402,127.070038
22370,경희유치원,37.59395157,127.0548858
22371,그림유치원,37.57006851,127.0598625
22372,동안유치원,37.59253452,127.05684
22373,라온유치원,37.57025771,127.057596
22374,사랑유치원,37.58803142,127.0492311
22375,산정현유치원,37.59267453,127.054064
22376,삼성유치원,37.57550163,127.0496959
22377,새소리유치원,37.57664142,127.0615347
22378,새일문유치원,37.57514455,127.0716631
22379,세하유치원,37.57108063,127.0750869
22380,소화유치원,37.58305721,127.0347227
22381,신동아유치원,37.573102,127.0315794
22382,아이비유치원,37.58323783,127.0719024
22383,예일유치원,37.57734884,127.0643901
22384,정원유치원,37.57900671,127.0758382
22385,젬마유치원,37.59297034,127.0595182
22386,파스텔유치원,37.57461194,127.0601337
22389,서울동답초등학교,37.57149823,127.0640331
22390,서울배봉초등학교,37.58008059,127.0668694
22391,서울신답초등학교,37.57270813,127.0429616
22392,서울안평초등학교,37.56599275,127.0720256
22393,서울용두초등학교,37.57640968,127.0283893
22394,서울이문초등학교,37.60189723,127.0648873
22397,서울전농초등학교,37.57489197,127.0545716
22399,서울종암초등학교,37.58230393,127.0318566
22400,서울청량초등학교,37.59231088,127.0559143
22401,서울홍릉초등학교,37.59068621,127.0477027
22403,서울휘경초등학교,37.58548918,127.0580724
22405,경희초등학교,37.59395157,127.0548858
22406,서울삼육초등학교,37.58969044,127.0482476
22407,은석초등학교,37.57855561,127.0757645
22408,동대문중학교,37.5743391,127.0519182
22409,성일중학교,37.58185174,127.0338551
22410,숭인중학교,37.57366173,127.0438891
22411,장평중학교,37.5668636,127.0704753
22412,전농중학교,37.58204781,127.0592818
22413,전동중학교,37.5861946,127.070926
22414,전일중학교,37.58250017,127.0583817
22415,청량중학교,37.58822281,127.0506214
22416,휘경중학교,37.5870952,127.0617434
22417,경희여자중학교,37.59395157,127.0548858
22418,경희중학교,37.59395157,127.0548858
22419,대광중학교,37.57795227,127.0253239
22420,동국대학교사범대학부속중학교,37.57801909,127.0751371
22421,정화여자중학교,37.58604628,127.0410701
22422,휘경여자중학교,37.58189616,127.0674356
22423,청량고등학교,37.58888614,127.051315
22424,휘경공업고등학교,37.58520116,127.069489
22425,휘봉고등학교,37.58620568,127.0688991
22426,경희고등학교,37.59395157,127.0548858
22427,경희여자고등학교,37.59395157,127.0548858
22428,대광고등학교,37.57795227,127.0253239
22429,동국대학교사범대학부속고등학교,37.57801909,127.0751371
22430,서울정화고등학교,37.58604628,127.0410701
22431,해성국제컨벤션고등학교,37.58187624,127.0569743
22432,해성여자고등학교,37.58187624,127.0569743
22433,휘경여자고등학교,37.58189616,127.0674356
22434,서울동원초등학교,37.60467124,127.1042879
22435,서울면동초등학교,37.58553908,127.0862422
22436,서울면목초등학교,37.5846791,127.093918
22437,서울면북초등학교,37.59442076,127.10355
22438,서울묵현초등학교,37.60920842,127.0733698
22439,서울봉화초등학교,37.61363561,127.092344
22440,서울새솔유치원,37.61761692,127.1099438
22441,서울신묵초등학교,37.60652462,127.0758381
22442,서울신현초등학교,37.60583064,127.0932655
22443,서울양원숲초등학교,37.60901259,127.1052553
22444,서울중곡초등학교,37.57489404,127.08344
22445,서울중랑초등학교,37.58966346,127.0755028
22446,서울중목초등학교,37.59019628,127.0791197
22447,서울중흥초등학교,37.60178739,127.0842318
22448,누리에유치원,37.58648512,127.0758025
22449,동성유치원,37.60980044,127.0962981
22450,동일유치원,37.57814724,127.0846569
22451,로뎅유치원,37.60199707,127.0845464
22452,봄내유치원,37.58597521,127.0855462
22453,새아랑유치원,37.61238498,127.0961083
22454,색동유치원,37.59167739,127.0783994
22455,솔방울유치원,37.5774118,127.0909379
22456,수산유치원,37.59762299,127.0759254
22458,영은유치원,37.61410311,127.0910358
22459,예원유치원,37.60597698,127.0947247
22460,윤경유치원,37.61726849,127.0855488
22461,은성유치원,37.59701311,127.0820707
22462,이루니유치원,37.60162926,127.0917649
22463,정암유치원,37.60115328,127.1037751
22464,진달래유치원,37.59873518,127.0868625
22466,서울망우초등학교,37.59873895,127.103838
22467,서울면남초등학교,37.57726046,127.0876678
22471,서울면일초등학교,37.59204051,127.0997964
22472,서울면중초등학교,37.5824376,127.0965492
22473,서울묵동초등학교,37.6033558,127.0808264
22476,서울상봉초등학교,37.59797674,127.0831687
22477,서울새솔초등학교,37.6179775,127.1111629
22478,서울신내초등학교,37.60493699,127.1001283
22482,서울원묵초등학교,37.6177468,127.0868116
22486,서울중화초등학교,37.60291743,127.0940709
22488,금성초등학교,37.61537366,127.0898763
22489,동원중학교,37.60381856,127.1094964
22490,면목중학교,37.58329266,127.0964257
22491,봉화중학교,37.59582318,127.1043145
22492,상봉중학교,37.60152654,127.090124
22493,신현중학교,37.60440291,127.0915613
22494,용마중학교,37.57451043,127.0862636
22495,원묵중학교,37.61756517,127.0842992
22496,장안중학교,37.6008961,127.0808453
22497,중랑중학교,37.60534683,127.0807906
22498,중화중학교,37.5845307,127.0945425
22499,태릉중학교,37.61253063,127.083432
22500,송곡여자중학교,37.60686599,127.1049752
22501,영란여자중학교,37.60312939,127.105337
22502,혜원여자중학교,37.59328096,127.0970412
22503,면목고등학교,37.58465968,127.0972697
22504,신현고등학교,37.60525159,127.0929554
22505,원묵고등학교,37.6152318,127.0855058
22506,중화고등학교,37.6048104,127.0836512
22507,태릉고등학교,37.6191493,127.0852426
22508,송곡고등학교,37.60584102,127.1064598
22509,송곡관광고등학교,37.60686599,127.1049752
22510,송곡여자고등학교,37.60686599,127.1049752
22511,이화여자대학교병설미디어고등학교,37.60312939,127.105337
22512,혜원여자고등학교,37.59328096,127.0970412
22513,서울길원초등학교,37.60901337,127.016889
22514,서울길음유치원,37.61363377,127.0166584
22515,서울돈암초등학교,37.59374525,127.0131037
22516,서울동신초등학교,37.58329007,127.0170571
22517,서울삼선초등학교,37.58713699,127.01267
22518,서울석관초등학교,37.61101794,127.0583512
22519,서울성북초등학교,37.59405723,126.998775
22520,서울숭곡초등학교,37.60843301,127.032821
22521,서울숭례초등학교,37.59452318,127.0352996
22522,서울장곡초등학교,37.61692858,127.0482068
22523,서울장월초등학교,37.62168537,127.0470022
22524,서울장위초등학교,37.61143774,127.0500097
22525,서울정덕초등학교,37.59823505,127.0134182
22526,서울좋은소리유치원,37.60838979,127.018834
22527,서울청덕초등학교,37.61202812,127.0003354
22528,개동유치원,37.61577016,127.0049294
22529,나래유치원,37.60953868,127.0226471
22530,덕수유치원,37.5940007,126.9952994
22531,동덕여자대학교부속유치원,37.60625339,127.044005
22532,동선유치원,37.58402945,127.0203762
22533,두산효자유치원,37.61376036,127.0689979
22534,루이유치원,37.60712597,127.0163815
22535,반디유치원,37.59447179,127.0127091
22537,새삼선유치원,37.58998242,127.0059971
22538,새싹유치원,37.60312806,127.0145428
22539,서울베네딕도유치원,37.59966053,127.0158002
22540,선한유치원,37.60398026,127.0205906
22541,성신유치원,37.5916838,127.0220085
22542,세아유치원,37.59447179,127.0127091
22543,신암유치원,37.58678846,127.0173395
22544,아랑유치원,37.59738311,127.0193181
22545,영광유치원,37.5966645,127.0228493
22546,영암유치원,37.58236978,127.0234322
22547,영재유치원,37.59743818,127.0347637
22548,영천유치원,37.61412697,127.0404836
22549,우촌유치원,37.59564123,127.0114027
22550,은영유치원,37.58462055,127.0166887
22551,은하유치원,37.60947975,127.0586764
22552,좋은나라유치원,37.60190281,127.0364162
22553,탑주유치원,37.60477892,127.0410679
22555,한마음유치원,37.6161871,127.0411934
22556,해뜨는유치원,37.60486787,127.0157204
22557,희망찬유치원,37.59899155,127.023136
22558,서울개운초등학교,37.60171315,127.0275625
22560,서울길음초등학교,37.61363377,127.0166584
22563,서울미아초등학교,37.61058463,127.0216481
22565,서울석계초등학교,37.60881038,127.0697277
22569,서울숭덕초등학교,37.6038204,127.0132879
22571,서울숭인초등학교,37.609162,127.0382368
22572,서울안암초등학교,37.58716134,127.0221015
22573,서울월곡초등학교,37.61002754,127.0460861
22574,서울일신초등학교,37.59881584,127.0401817
22579,서울정릉초등학교,37.61985445,127.0052376
22580,서울정수초등학교,37.60377376,127.0077165
22582,광운초등학교,37.61917179,127.0548956
22583,대광초등학교,37.57915322,127.0234515
22584,매원초등학교,37.59767038,127.0191897
22585,성신초등학교,37.59462141,127.0231251
22586,우촌초등학교,37.59564123,127.0114027
22587,서울대학교사범대학부설중학교,37.59581587,127.0391331
22588,개운중학교,37.59451878,127.0248816
22589,길음중학교,37.61421678,127.017421
22590,북악중학교,37.60701115,127.0016143
22591,삼선중학교,37.59176414,127.0078644
22592,석관중학교,37.60813785,127.0667121
22593,숭곡중학교,37.60847464,127.0313028
22594,월곡중학교,37.60698149,127.0482541
22595,장위중학교,37.61129157,127.0408371
22596,종암중학교,37.59334192,127.0318837
22597,고려대학교사범대학부속중학교,37.60784133,127.0028264
22598,고명중학교,37.59767038,127.0191897
22599,남대문중학교,37.61865649,127.0558083
22600,동구여자중학교,37.59410982,127.0082183
22601,성신여자중학교,37.59462141,127.0231251
22602,용문중학교,37.58868724,127.0246632
22603,한성여자중학교,37.58199871,127.0113112
22604,홍익대학교사범대학부속중학교,37.59366777,127.0028001
22605,서울대학교사범대학부설고등학교,37.59472635,127.0381166
22606,경동고등학교,37.58649744,127.0148524
22607,서울도시과학기술고등학교,37.60781312,127.0330442
22608,석관고등학교,37.60958857,127.0667166
22609,계성고등학교,37.60754668,127.0203854
22610,고려대학교사범대학부속고등학교,37.60784133,127.0028264
22611,고명외식고등학교,37.59767038,127.0191897
22612,대일외국어고등학교,37.61330669,127.0141708
22613,서울동구고등학교,37.59410982,127.0082183
22614,성신여자고등학교,37.59429108,127.0224047
22615,용문고등학교,37.58868724,127.0246632
22616,한성여자고등학교,37.58308353,127.0117384
22617,홍익대학교사범대학부속고등학교,37.59366777,127.0028001
22618,서울다원학교,37.59394011,126.9913595
22620,서울미양초등학교,37.62153282,127.0141303
22621,서울번동초등학교,37.62898151,127.0400437
22622,서울송천초등학교,37.61490883,127.0237323
22623,서울수송초등학교,37.6373302,127.0329343
22624,서울수유초등학교,37.63125217,127.02029
22625,서울우이유치원,37.63883283,127.0152278
22626,서울화계초등학교,37.62383375,127.029767
22627,길물빛유치원,37.64195194,127.0110961
22628,꿈동산유치원,37.63215749,127.0383601
22629,성실유치원,37.64259908,127.0195519
22630,성체유치원,37.64230469,127.0209949
22631,솔샘유치원,37.62166723,127.0129618
22633,유안유치원,37.64527164,127.0104856
22634,창문유치원,37.61340427,127.0358263
22635,하나유치원,37.64549,127.024293
22636,화계유치원,37.63464615,127.0188519
22639,서울삼각산초등학교,37.61623928,127.0146759
22640,서울삼양초등학교,37.62321655,127.0161472
22641,서울송중초등학교,37.61747273,127.0320018
22645,서울오현초등학교,37.62348461,127.0466507
22646,서울우이초등학교,37.63883283,127.0152278
22647,서울유현초등학교,37.63496637,127.0129447
22648,서울인수초등학교,37.64305277,127.0091326
22650,영훈초등학교,37.6146835,127.0280961
22651,강북중학교,37.64491781,127.0253686
22652,번동중학교,37.63260027,127.0363037
22653,삼각산중학교,37.61623928,127.0146759
22654,솔샘중학교,37.62333729,127.01226
22655,수송중학교,37.63686336,127.0342433
22656,수유중학교,37.63178409,127.0105962
22657,인수중학교,37.6439797,127.0100721
22658,화계중학교,37.63251555,127.0097142
22659,서라벌중학교,37.65699352,127.0114976
22660,성암여자중학교,37.62027139,127.0239002
22661,신일중학교,37.62796728,127.0283992
22662,영훈국제중학교,37.6146835,127.0280961
22663,창문여자중학교,37.61340427,127.0358263
22664,삼각산고등학교,37.61628448,127.0201123
22665,솔샘고등학교,37.62333729,127.01226
22666,혜화여자고등학교,37.63131037,127.0132083
22667,성암국제무역고등학교,37.62027139,127.0239002
22668,신일고등학교,37.62796728,127.0283992
22669,영훈고등학교,37.6146835,127.0280961
22670,창문여자고등학교,37.61281626,127.0355393
22671,서울정인학교,37.63095722,127.0119214
22672,서울애화학교,37.62506914,127.0287881
22673,서울효정학교,37.62712765,127.0162203
22674,한빛맹학교,37.6278893,127.0157118
22675,서울가인초등학교,37.65946907,127.0429499
22676,서울도봉초등학교,37.6799657,127.0382884
22677,서울마들유치원,37.6608664,127.0474996
22678,서울방학유치원,37.66102415,127.0358463
22679,서울숭미초등학교,37.65102098,127.0279407
22680,서울신창초등학교,37.63653978,127.042088
22681,서울신학초등학교,37.6612204,127.0257225
22682,서울쌍문초등학교,37.64835989,127.0242924
22683,서울오봉초등학교,37.67192683,127.0402964
22684,서울월천초등학교,37.64819677,127.0518427
22685,서울창동초등학교,37.65536664,127.0448385
22686,꿈밭유치원,37.65830759,127.0276079
22688,덕성여자대학교부속유치원,37.65247048,127.0158299
22690,삼풍유치원,37.65679699,127.0456702
22691,선희유치원,37.65757845,127.029884
22694,신창유치원,37.6413783,127.0409722
22695,유화유치원,37.65984716,127.0274631
22696,정의유치원,37.65335548,127.0324321
22697,청남학원부속보나유치원,37.65667272,127.0227558
22698,청아유치원,37.65888793,127.0490889
22699,한별유치원,37.64192185,127.0380078
22700,한사랑유치원,37.64787131,127.0483453
22701,햇살유치원,37.64922372,127.0252444
22702,행복한유치원,37.65917433,127.0322094
22704,서울누원초등학교,37.68725367,127.0492489
22706,서울방학초등학교,37.66393619,127.0327484
22707,서울백운초등학교,37.65264171,127.0136744
22709,서울신방학초등학교,37.66667991,127.0289156
22712,서울신화초등학교,37.63319618,127.0408846
22716,서울자운초등학교,37.65787689,127.0466197
22717,서울창경초등학교,37.65659892,127.0346001
22718,서울창도초등학교,37.66413849,127.048784
22720,서울창림초등학교,37.64323957,127.0416055
22721,서울창원초등학교,37.65264216,127.0399776
22722,서울창일초등학교,37.64768491,127.0475771
22723,서울초당초등학교,37.65863038,127.0219595
22724,동북초등학교,37.65645488,127.0269293
22725,한신초등학교,37.65335548,127.0324321
22726,노곡중학교,37.64879764,127.0537389
22727,도봉중학교,37.67088132,127.0458188
22728,방학중학교,37.66545245,127.0308585
22729,백운중학교,37.65650015,127.035746
22730,북서울중학교,37.68145497,127.0430421
22731,신도봉중학교,37.64963265,127.0333416
22732,신방학중학교,37.66413891,127.0289034
22733,창동중학교,37.66413849,127.048784
22734,창북중학교,37.64911882,127.038833
22735,창일중학교,37.64887041,127.0470973
22736,효문중학교,37.65269909,127.0183994
22737,선덕중학교,37.65645488,127.0269293
22738,정의여자중학교,37.65335548,127.0324321
22739,누원고등학교,37.6855652,127.049928
22740,서울문화고등학교,37.66413544,127.0472879
22741,자운고등학교,37.6593224,127.0504547
22742,창동고등학교,37.65103791,127.0388197
22743,효문고등학교,37.65269909,127.0183994
22744,서울외국어고등학교,37.64577933,127.0515108
22745,선덕고등학교,37.65645488,127.0269293
22746,세그루패션디자인고등학교,37.65645488,127.0269293
22747,정의여자고등학교,37.65335548,127.0324321
22748,서울도솔학교,37.69483026,127.0424282
22749,서울계상초등학교,37.6621976,127.0686775
22750,서울공릉초등학교,37.61861619,127.0746352
22751,서울공연초등학교,37.62754454,127.0745134
22752,서울노일유치원,37.67246109,127.0540284
22753,서울당현초등학교,37.64825671,127.0582106
22754,서울동일초등학교,37.66481247,127.0541707
22755,서울상경초등학교,37.67047795,127.0516731
22756,서울상계초등학교,37.65962148,127.0664996
22757,서울상곡초등학교,37.66290221,127.0620722
22758,서울상원초등학교,37.66804804,127.0599219
22759,서울수락산유치원,37.68082417,127.0542171
22760,서울수락초등학교,37.68449915,127.0551909
22761,서울수암초등학교,37.6476919,127.0814596
22762,서울신상계초등학교,37.66751583,127.0758316
22763,서울연지유치원,37.63303038,127.0606231
22764,서울연촌초등학교,37.6344128,127.0725135
22765,서울용동초등학교,37.64108048,127.0690768
22766,서울월계초등학교,37.62778747,127.0506176
22767,서울태랑초등학교,37.62620253,127.090832
22768,서울태릉초등학교,37.62310344,127.0850583
22769,고운유치원,37.64403699,127.0669323
22770,공릉,37.62980029,127.0726161
22771,까치유치원,37.6563467,127.0728532
22772,꽃동산유치원,37.63077523,127.0739975
22773,꿈동산아이유치원,37.67018679,127.054692
22774,꿈터유치원,37.67373485,127.0589547
22775,노원,37.62441856,127.0803636
22776,다연유치원,37.63175681,127.0523346
22777,동화나라유치원,37.66669461,127.0791289
22778,두솔유치원,37.6295459,127.054164
22779,무지개유치원,37.66459195,127.0787127
22780,미광유치원,37.62336899,127.082121
22781,보고유치원,37.61960201,127.0613922
22782,보배유치원,37.62860553,127.0627973
22783,산내들유치원,37.62636996,127.0821861
22784,삼육대학교부속유치원,37.64336047,127.1088554
22785,상원유치원,37.64454717,127.0687843
22786,서울여자대학교부속유치원,37.62737996,127.091622
22787,선덕유치원,37.63302802,127.0671491
22789,성희유치원,37.65081723,127.0561498
22791,아이디유치원,37.65916892,127.0571663
22792,연세유치원,37.63828198,127.0627099
22793,예진유치원,37.62791038,127.0683232
22794,온누리유치원,37.66691302,127.0543141
22795,우리유치원,37.65287078,127.0777241
22796,원암유치원,37.64981129,127.0851959
22797,육사유치원,37.62011857,127.0894107
22798,청원유치원,37.66524853,127.0625301
22799,초안유치원,37.63075599,127.0433064
22800,키즈위즈유치원,37.66109451,127.0785292
22801,풍천유치원,37.66116367,127.0609946
22802,하늘유치원,37.63581816,127.0520451
22803,학여울유치원,37.63795253,127.0598021
22804,한성유치원,37.64056696,127.0759724
22805,한양유치원,37.61872798,127.0670783
22806,효자유치원,37.62383675,127.0647829
22807,효천유치원,37.65136991,127.0782186
22811,서울노원초등학교,37.67359574,127.0584577
22812,서울노일초등학교,37.67375706,127.0549642
22813,서울녹천초등학교,37.62850894,127.0631157
22815,서울덕암초등학교,37.66647704,127.0812738
22817,서울불암초등학교,37.65078456,127.0805716
22821,서울상수초등학교,37.65110194,127.0647589
22823,서울상월초등학교,37.65862736,127.0570484
22824,서울상천초등학교,37.64628021,127.0578049
22825,서울선곡초등학교,37.61869042,127.0578015
22828,서울신계초등학교,37.6299408,127.0528448
22830,서울연지초등학교,37.63319291,127.0595334
22832,서울온곡초등학교,37.66767108,127.0657868
22834,서울용원초등학교,37.62992459,127.0689439
22835,서울원광초등학교,37.65440754,127.0749059
22837,서울을지초등학교,37.65039312,127.0731424
22838,서울중계초등학교,37.657846,127.0733106
22839,서울중원초등학교,37.64383271,127.0627536
22840,서울중평초등학교,37.63764381,127.0640436
22841,서울중현초등학교,37.63388336,127.0659261
22842,서울청계초등학교,37.64509411,127.0661599
22845,서울한천초등학교,37.62070929,127.0692399
22846,상명초등학교,37.64872263,127.0669644
22847,청원초등학교,37.66524853,127.0625301
22848,태강삼육초등학교,37.64336047,127.1088554
22849,화랑초등학교,37.62737996,127.091622
22850,공릉중학교,37.6223899,127.0836737
22851,노원중학교,37.64939481,127.0596921
22852,노일중학교,37.67228882,127.0538945
22853,녹천중학교,37.63108397,127.0617352
22854,불암중학교,37.64589149,127.0735949
22855,상경중학교,37.66715147,127.0537103
22856,상계제일중학교,37.66107295,127.0780761
22857,상계중학교,37.65240486,127.0688677
22858,상원중학교,37.67160342,127.0594577
22859,수락중학교,37.6744874,127.0584124
22860,신상중학교,37.65190678,127.0639895
22861,신창중학교,37.62855514,127.047481
22862,온곡중학교,37.66057746,127.0643342
22863,월계중학교,37.63113497,127.0523198
22864,을지중학교,37.6497872,127.0717107
22865,중계중학교,37.65548304,127.0753232
22866,중원중학교,37.64424369,127.0680062
22867,중평중학교,37.63697255,127.0623411
22868,태랑중학교,37.6268554,127.0913679
22869,하계중학교,37.64136742,127.0723366
22870,한천중학교,37.63126027,127.0726546
22871,광운중학교,37.61923906,127.0565486
22872,상명중학교,37.64937107,127.0680669
22873,염광중학교,37.63211482,127.0517498
22874,재현중학교,37.66132097,127.0809973
22875,청원중학교,37.66524853,127.0625301
22876,경기기계공업고등학교,37.63224223,127.074931
22877,노원고등학교,37.66180178,127.0540161
22878,불암고등학교,37.64916064,127.0803083
22879,상계고등학교,37.65272188,127.0554571
22880,수락고등학교,37.68290935,127.0535671
22881,월계고등학교,37.63182952,127.0490481
22882,광운인공지능고등학교,37.61923906,127.0565486
22883,대진고등학교,37.63781067,127.0760858
22884,대진여자고등학교,37.6461205,127.0672009
22885,미래산업과학고등학교,37.65877819,127.0784445
22886,상명고등학교,37.64937107,127.0680669
22887,서라벌고등학교,37.64520561,127.0757564
22888,서울동산고등학교,37.63077523,127.0739975
22889,서울아이티고등학교,37.64241571,127.0624541
22890,염광고등학교,37.63028144,127.0492604
22891,염광메디텍고등학교,37.63028144,127.0492604
22892,영신간호비즈니스고등학교,37.65231911,127.0832499
22893,영신여자고등학교,37.65231911,127.0832499
22894,용화여자고등학교,37.65913273,127.0582774
22895,인덕과학기술고등학교,37.63034155,127.0545051
22896,재현고등학교,37.66132097,127.0809973
22897,청원고등학교,37.66524853,127.0625301
22898,청원여자고등학교,37.66524853,127.0625301
22899,한국삼육고등학교,37.64336047,127.1088554
22900,혜성여자고등학교,37.6405485,127.0736158
22901,서울정민학교,37.63389532,127.0731658
22902,서울동천학교,37.64450762,127.0729208
22904,청암예술학교,37.65177735,127.0738618
22905,서울구현초등학교,37.60994763,126.9058578
22906,서울북한산유치원,37.63218806,126.928803
22907,서울불광초등학교,37.61342791,126.9307142
22908,서울산울림유치원,37.6480734,126.9298217
22909,서울서신초등학교,37.59229253,126.9073843
22910,서울수색초등학교,37.58516776,126.8960074
22911,서울신도초등학교,37.63281298,126.9291566
22912,서울어울초등학교,37.60656525,126.9350594
22913,서울역촌유치원,37.60421976,126.918875
22914,서울연광초등학교,37.62364687,126.923907
22915,서울연신초등학교,37.62606049,126.9277466
22916,서울연은초등학교,37.59064182,126.9248687
22917,서울연천초등학교,37.6213498,126.9299212
22918,서울은명초등학교,37.59774954,126.9178021
22919,서울은빛유치원,37.64282355,126.9202654
22920,서울은평초등학교,37.60230312,126.9340329
22921,서울응암초등학교,37.58875602,126.9216122
22922,서울진관유치원,37.6347125,126.9309648
22923,녹번유치원,37.59983452,126.9300705
22924,다우림명문유치원,37.64432467,126.9248103
22925,동산유치원,37.58176799,126.9044131
22926,바다의별유치원,37.61542351,126.9262228
22927,백합유치원,37.60819743,126.9173565
22928,새보람유치원,37.61630153,126.9326327
22930,선일유치원,37.62030306,126.9119931
22931,성균관유치원,37.61830326,126.9169496
22932,성아유치원,37.58989182,126.9196935
22933,숲유치원,37.63472655,126.9216061
22935,와우랩유치원,37.59402668,126.9215702
22936,유정유치원,37.60667044,126.9267675
22937,은평국제유치원,37.5989618,126.9114656
22938,은평하랑유치원,37.6002601,126.9303022
22939,은혜유치원,37.61775888,126.9274013
22940,자연유치원,37.60315416,126.9374862
22941,충암유치원,37.58464007,126.9218073
22942,효림유치원,37.58683635,126.8990852
22943,서울갈현초등학교,37.61977847,126.9166791
22944,서울구산초등학교,37.6127463,126.9093734
22946,서울녹번초등학교,37.60457975,126.9257443
22947,서울대은초등학교,37.61236581,126.9258703
22948,서울대조초등학교,37.61357641,126.9193061
22949,서울북한산초등학교,37.65362869,126.9504583
22951,서울상신초등학교,37.59755582,126.9046009
22953,서울수리초등학교,37.62027895,126.9340598
22956,서울신사초등학교,37.59283055,126.9119851
22958,서울역촌초등학교,37.60157945,126.9139303
22964,서울은빛초등학교,37.64265952,126.9190781
22965,서울은진초등학교,37.63319564,126.9207105
22968,서울증산초등학교,37.58263904,126.9040946
22969,서울진관초등학교,37.64509393,126.9291505
22970,선일초등학교,37.62030306,126.9119931
22971,예일초등학교,37.61094907,126.9147909
22972,충암초등학교,37.58464007,126.9218073
22973,구산중학교,37.60987303,126.9094833
22974,덕산중학교,37.60225993,126.9046792
22975,불광중학교,37.62290144,126.9321193
22976,상신중학교,37.58978779,126.9064244
22977,신도중학교,37.63280134,126.9308562
22978,연서중학교,37.58702092,126.9092728
22979,연신중학교,37.62354226,126.9242937
22980,연천중학교,37.62754773,126.9258221
22981,은평중학교,37.61063745,126.9083508
22982,증산중학교,37.5838182,126.9049379
22983,진관중학교,37.64425194,126.9257292
22984,대성중학교,37.62313899,126.9097882
22985,선일여자중학교,37.62030306,126.9119931
22986,선정중학교,37.61870801,126.9090372
22987,숭실중학교,37.59321935,126.9023884
22988,영락중학교,37.59696095,126.9251856
22989,예일여자중학교,37.61094907,126.9147909
22990,충암중학교,37.58464007,126.9218073
22991,신도고등학교,37.62913212,126.9187526
22992,은평고등학교,37.60936435,126.9061155
22993,진관고등학교,37.64333866,126.9243826
22994,대성고등학교,37.62313899,126.9097882
22995,동명생활경영고등학교,37.61441939,126.9228165
22996,동명여자고등학교,37.61441939,126.9228165
22997,선일빅데이터고등학교,37.62030306,126.9119931
22998,선일여자고등학교,37.62030306,126.9119931
22999,선정고등학교,37.61870801,126.9090372
23000,선정국제관광고등학교,37.61870801,126.9090372
23001,세명컴퓨터고등학교,37.62771351,126.923248
23002,숭실고등학교,37.59321935,126.9023884
23003,신진과학기술고등학교,37.59871415,126.9188414
23004,예일디자인고등학교,37.61094907,126.9147909
23005,예일여자고등학교,37.61094907,126.9147909
23006,은평메디텍고등학교,37.63534988,126.9297094
23007,충암고등학교,37.58464007,126.9218073
23008,하나고등학교,37.64154287,126.9370197
23009,은평대영학교,37.60564517,126.9063398
23011,서울가재울초등학교,37.57369417,126.918048
23012,서울금화초등학교,37.56875346,126.9629462
23013,서울북성유치원,37.55947785,126.9512694
23014,서울인왕초등학교,37.5902178,126.9448035
23015,서울홍제초등학교,37.59345736,126.9453467
23016,경복유치원,37.59592001,126.945663
23017,명지전문대학부속명지유치원,37.58366511,126.926554
23018,벧엘유치원,37.566156,126.9323063
23020,새나유치원,37.57567504,126.9208496
23022,신촌유치원,37.55738112,126.9314467
23023,신현유치원,37.55865703,126.9471157
23024,연유치원,37.58187656,126.9240775
23025,이화여자대학교사범대학부속이화유치원,37.56428999,126.9503191
23027,한양제일유치원,37.58327446,126.9472338
23028,해맑은유치원,37.57740057,126.9056657
23029,현대경복유치원,37.58631328,126.9515502
23030,현대홍익유치원,37.58405884,126.9432486
23031,홍제성당유치원,37.59011749,126.9436613
23033,서울고은초등학교,37.58500237,126.9439713
23035,서울대신초등학교,37.55793543,126.9480426
23036,서울미동초등학교,37.56337107,126.9656694
23037,서울북가좌초등학교,37.57722184,126.9077741
23038,서울북성초등학교,37.55963603,126.9518331
23039,서울안산초등학교,37.57916485,126.9522051
23040,서울연가초등학교,37.57956235,126.9173292
23041,서울연희초등학교,37.5690469,126.9341442
23043,서울창서초등학교,37.55814739,126.9334843
23044,서울홍연초등학교,37.58211654,126.9306634
23045,서울홍은초등학교,37.59753962,126.9494564
23047,경기초등학교,37.56512963,126.9627586
23048,명지초등학교,37.58362626,126.9282303
23049,이화여자대학교사범대학부속초등학교,37.56119692,126.94296
23050,추계초등학교,37.56316079,126.9540589
23051,가재울중학교,37.5750883,126.9099335
23052,서연중학교,37.56801216,126.9273331
23053,신연중학교,37.58278505,126.9398587
23054,연북중학교,37.5775722,126.9383136
23055,연희중학교,37.57958472,126.9187894
23056,인왕중학교,37.59288122,126.9514808
23057,홍은중학교,37.59189368,126.9357551
23058,동명여자중학교,37.56864018,126.9623591
23059,명지중학교,37.58491341,126.9270909
23060,이화여자대학교사범대학부속이화금란중학교,37.56254444,126.9445256
23061,인창중학교,37.56488839,126.9640184
23062,정원여자중학교,37.58505075,126.9333049
23063,중앙여자중학교,37.56316079,126.9540589
23064,한성중학교,37.55909159,126.9544553
23065,가재울고등학교,37.57436371,126.9095252
23066,한성과학고등학교,37.57543602,126.9523705
23067,명지고등학교,37.58491341,126.9270909
23068,이화여자대학교사범대학부속이화금란고등학교,37.56639011,126.9473579
23069,인창고등학교,37.56488839,126.9640184
23070,중앙여자고등학교,37.56316079,126.9540589
23071,한성고등학교,37.55909159,126.9544553
23072,연세대학교재활학교,37.563094,126.93184
23073,서울공덕초등학교,37.54580446,126.9548217
23074,서울동교초등학교,37.5586197,126.9023975
23075,서울마포초등학교,37.53854429,126.9499894
23076,서울상암초등학교,37.57638169,126.8920501
23077,서울상지초등학교,37.57983564,126.8818436
23078,서울성산초등학교,37.55325687,126.9109868
23079,서울성서초등학교,37.56059977,126.9109253
23080,서울소의초등학교,37.5527849,126.9606547
23081,서울용강초등학교,37.54910565,126.9440472
23082,서울중동초등학교,37.56641032,126.9117804
23083,서울창천초등학교,37.55487541,126.9393596
23084,서울하늘초등학교,37.58580918,126.8808599
23085,서울한서초등학교,37.55364389,126.9497779
23086,나사렛유치원,37.57437486,126.890393
23087,대진유치원,37.5622,126.9164144
23088,돌샘유치원,37.54266721,126.9556576
23089,마포대진유치원,37.56183913,126.9193172
23090,배영유치원,37.55259102,126.9199259
23091,삼성그린유치원,37.53950462,126.9515941
23092,새현대유치원,37.53990174,126.9557414
23093,서일유치원,37.56744943,126.9081883
23094,성결유치원,37.54635135,126.9373301
23095,성산아트유치원,37.56534892,126.9090452
23096,월드유치원,37.58040568,126.8811445
23097,정님유치원,37.54994222,126.9469213
23098,태영유치원,37.54386479,126.9423897
23099,홍익대학교사범대학부속유치원,37.5635137,126.9191685
23103,서울망원초등학교,37.5608932,126.9007682
23106,서울서강초등학교,37.54810946,126.9274709
23107,서울서교초등학교,37.55488418,126.9243747
23110,서울성원초등학교,37.56697919,126.9050822
23112,서울신북초등학교,37.57110852,126.9053615
23113,서울신석초등학교,37.54453524,126.9377745
23114,서울아현초등학교,37.55558695,126.9565414
23115,서울염리초등학교,37.54276155,126.9459811
23121,홍익대학교사범대학부속초등학교,37.55950336,126.9131937
23122,상암중학교,37.57906054,126.8875498
23123,서울여자중학교,37.5477808,126.9490679
23124,성사중학교,37.56809457,126.9126841
23125,성산중학교,37.54731619,126.9165617
23126,성서중학교,37.56275294,126.9079624
23127,신수중학교,37.54592612,126.9341336
23128,아현중학교,37.55639749,126.9564962
23129,중암중학교,37.57226345,126.9035899
23130,창천중학교,37.55487541,126.9393596
23131,경성중학교,37.5635137,126.9191685
23132,광성중학교,37.54869987,126.9359727
23133,동도중학교,37.54666743,126.948495
23134,숭문중학교,37.55088702,126.945765
23135,홍익대학교사범대학부속여자중학교,37.55950336,126.9131937
23136,상암고등학교,37.58133701,126.8833949
23137,서울여자고등학교,37.5477808,126.9490679
23138,경성고등학교,37.5635137,126.9191685
23139,광성고등학교,37.54869987,126.9359727
23140,서울디자인고등학교,37.54666743,126.948495
23141,숭문고등학교,37.55088702,126.945765
23142,한세사이버보안고등학교,37.55183488,126.9520441
23143,홍익대학교사범대학부속여자고등학교,37.55950336,126.9131937
23144,홍익디자인고등학교,37.5635137,126.9191685
23145,한국우진학교,37.5711215,126.9038444
23148,서울강신초등학교,37.54209903,126.8295847
23149,서울강월초등학교,37.51634045,126.8334368
23150,서울경인유치원,37.53287402,126.885701
23151,서울서정초등학교,37.52345385,126.8672311
23152,서울신기초등학교,37.51127242,126.8542036
23153,서울신원초등학교,37.52951431,126.8298604
23154,서울신은초등학교,37.51401018,126.8319573
23155,서울신정유치원,37.51358258,126.8333666
23156,서울양동초등학교,37.52584954,126.8512431
23157,서울양목초등학교,37.52416519,126.8615525
23158,서울양화초등학교,37.5436656,126.8739869
23159,서울영도초등학교,37.53595124,126.8719416
23160,서울월촌초등학교,37.54069579,126.8762607
23161,서울장수초등학교,37.51291392,126.8451068
23162,경성유치원,37.50945706,126.8621602
23163,계상유치원,37.51251109,126.8398533
23164,광영유치원,37.53719789,126.8232796
23165,꿈꾸는유치원,37.520867,126.8401879
23166,꿈나무유치원,37.52233975,126.8675647
23167,동연유치원,37.54886767,126.8677071
23168,등대유치원,37.52213093,126.8777946
23169,등촌유치원,37.54657037,126.864924
23170,목동다솜유치원,37.52424095,126.8387668
23171,목동유치원,37.52437193,126.8605651
23172,목성유치원,37.513188,126.861175
23173,빛나유치원,37.52924626,126.8670983
23174,새서울유치원,37.519384,126.862271
23175,샘터유치원,37.51840277,126.8351581
23176,세신유치원,37.51768655,126.8568658
23177,세화유치원,37.514363,126.875013
23178,신목유치원,37.54637774,126.8702117
23179,신예유치원,37.51231935,126.8534524
23180,아란유치원,37.534612,126.871471
23181,어린이의정원유치원,37.507148,126.864655
23182,원일유치원,37.533907,126.882058
23183,튼튼유치원,37.52603299,126.8571572
23184,한서유치원,37.533577,126.885657
23185,해림유치원,37.540305,126.88199
23186,서울갈산초등학교,37.51237267,126.8702262
23187,서울강서초등학교,37.52241564,126.8409898
23190,서울경인초등학교,37.53287402,126.885701
23191,서울계남초등학교,37.51016621,126.8600117
23192,서울남명초등학교,37.51568653,126.8541023
23193,서울목동초등학교,37.52279785,126.8721282
23194,서울목운초등학교,37.52700548,126.8730492
23195,서울목원초등학교,37.5429014,126.8827116
23197,서울신강초등학교,37.52584302,126.8422605
23199,서울신남초등학교,37.516524,126.8447911
23200,서울신목초등학교,37.51661258,126.8726397
23201,서울신서초등학교,37.52053206,126.8622864
23204,서울양강초등학교,37.52436695,126.8479624
23206,서울양명초등학교,37.51637783,126.8566369
23208,서울양원초등학교,37.53821432,126.8231052
23212,서울은정초등학교,37.50945706,126.8621602
23214,서울정목초등학교,37.53652791,126.8700547
23215,서울지향초등학교,37.51283467,126.8370204
23216,강신중학교,37.51513452,126.8381612
23217,금옥중학교,37.51096559,126.8439718
23218,목동중학교,37.52095319,126.8714432
23219,목운중학교,37.52700548,126.8730492
23220,목일중학교,37.51321974,126.8740141
23221,신남중학교,37.52077047,126.8478253
23222,신목중학교,37.53702521,126.8730683
23223,신서중학교,37.51596568,126.8550143
23224,신원중학교,37.5370963,126.8248426
23225,신월중학교,37.54046532,126.8283882
23226,신화중학교,37.54105904,126.8301102
23227,양강중학교,37.52490577,126.8496285
23228,양동중학교,37.54837281,126.8687218
23229,양서중학교,37.53264159,126.8290196
23230,양천중학교,37.51899709,126.8305561
23231,월촌중학교,37.53706317,126.8827647
23232,봉영여자중학교,37.50921288,126.8601958
23233,양정중학교,37.53538904,126.8877342
23234,영도중학교,37.53631568,126.8657695
23235,금옥여자고등학교,37.51096559,126.8439718
23236,서울금융고등학교,37.53744685,126.8256631
23237,신목고등학교,37.51290955,126.8736115
23238,신서고등학교,37.52388272,126.8602897
23239,강서고등학교,37.53631568,126.8657695
23240,광영고등학교,37.53719789,126.8232796
23241,광영여자고등학교,37.53719789,126.8232796
23242,대일관광고등학교,37.51141723,126.8349046
23243,목동고등학교,37.50921288,126.8601958
23244,백암고등학교,37.51225052,126.8445289
23245,서울영상고등학교,37.52330613,126.8602985
23246,양정고등학교,37.53538904,126.8877342
23247,양천고등학교,37.50831953,126.8452002
23248,진명여자고등학교,37.52406887,126.8655927
23249,한가람고등학교,37.5374088,126.8840608
23250,서울가양초등학교,37.56221372,126.8585183
23251,서울개화초등학교,37.57394416,126.804646
23252,서울공진초등학교,37.55780837,126.8227635
23253,서울공항초등학교,37.56311966,126.8213783
23254,서울금낭화유치원,37.56861659,126.8115455
23255,서울내발산초등학교,37.55087862,126.8381617
23256,서울등명초등학교,37.5608945,126.8423867
23257,서울등촌초등학교,37.54761135,126.8579372
23258,서울마곡유치원,37.56926731,126.8180328
23259,서울송정초등학교,37.56223355,126.8102772
23260,서울수명유치원,37.55238637,126.8229845
23261,서울신곡초등학교,37.53909593,126.8560076
23262,서울신월초등학교,37.54036725,126.8394562
23263,서울염경초등학교,37.55513678,126.8712567
23264,서울월정초등학교,37.53499301,126.8362921
23265,서울정곡초등학교,37.57696205,126.8189302
23266,서울탑산초등학교,37.56708367,126.852456
23267,서울화일초등학교,37.540716,126.8474736
23268,강서유치원,37.54821068,126.8500517
23269,공항제일유치원,37.56523794,126.810671
23270,국제유치원,37.57051474,126.8229486
23271,나나유치원,37.53590986,126.8573122
23272,대유유치원,37.53400494,126.8615955
23273,동그라미유치원,37.55011222,126.8491624
23274,등촌제일유치원,37.55546417,126.8593681
23275,등현유치원,37.56145903,126.848524
23276,미도유치원,37.55046988,126.8609719
23277,미래유치원,37.57102456,126.8064019
23278,방화이화유치원,37.57408775,126.8135303
23279,보라유치원,37.56361949,126.8473929
23280,선미유치원,37.53932697,126.8436364
23281,신세기유치원,37.57102669,126.8465431
23282,신영유치원,37.53098389,126.8492298
23283,아람유치원,37.57941245,126.8125968
23284,아이파크예원유치원,37.54826631,126.8409862
23286,우람유치원,37.5748797,126.8143329
23287,우리곰유치원,37.57121415,126.8435969
23288,우일유치원,37.53522317,126.855252
23289,우현유치원,37.55707689,126.8380769
23290,유니유치원,37.56376191,126.859287
23291,윤서유치원,37.54724319,126.832243
23292,이솔유치원,37.53126507,126.8522011
23293,장미유치원,37.56461581,126.8562744
23294,한나유치원,37.57680324,126.8102835
23295,해리유치원,37.55855725,126.8633729
23297,홍신유치원,37.54811129,126.8325576
23298,서울가곡초등학교,37.55570595,126.8361063
23304,서울등마초등학교,37.54204287,126.8616658
23306,서울등서초등학교,37.55188129,126.8550428
23307,서울등양초등학교,37.56494531,126.8447577
23308,서울등원초등학교,37.55981614,126.850066
23310,서울등현초등학교,37.56137835,126.8476424
23311,서울발산초등학교,37.550148,126.8307718
23312,서울방화초등학교,37.56870201,126.807503
23313,서울백석초등학교,37.55364655,126.8624288
23314,서울삼정초등학교,37.58050906,126.8105416
23316,서울송화초등학교,37.56814999,126.8180278
23317,서울수명초등학교,37.55276136,126.8235445
23320,서울신정초등학교,37.53206852,126.8523585
23321,서울양천초등학교,37.5701741,126.8395265
23323,서울염동초등학교,37.55209276,126.8723551
23324,서울염창초등학교,37.55322762,126.867596
23325,서울우장초등학교,37.54963979,126.8459896
23328,서울치현초등학교,37.57593668,126.8146105
23330,서울화곡초등학교,37.54367069,126.8464776
23332,유석초등학교,37.56078034,126.8537863
23333,경서중학교,37.56124232,126.8577634
23334,공항중학교,37.56217251,126.8149642
23335,등명중학교,37.56019166,126.843303
23336,등원중학교,37.55981297,126.851594
23337,마곡중학교,37.56778897,126.8215765
23338,마곡하늬중학교,37.55816904,126.8209809
23339,방원중학교,37.57604901,126.8087558
23340,방화중학교,37.56433705,126.8071084
23341,백석중학교,37.54828796,126.8589567
23342,삼정중학교,37.58040042,126.819476
23343,성재중학교,37.56923955,126.8453028
23344,송정중학교,37.55315599,126.8152426
23345,수명중학교,37.54856771,126.824063
23346,염경중학교,37.55513678,126.8712567
23347,염창중학교,37.55426744,126.8717451
23348,화원중학교,37.53621548,126.8424171
23349,덕원중학교,37.54862603,126.8290301
23350,등촌중학교,37.55248022,126.8592098
23351,마포중학교,37.55986714,126.8534607
23352,명덕여자중학교,37.55403035,126.8343102
23353,신정여자중학교,37.53825707,126.8568464
23354,화곡중학교,37.54840959,126.8326548
23355,강서공업고등학교,37.57603353,126.8161825
23356,공항고등학교,37.57035607,126.8187854
23357,등촌고등학교,37.56294787,126.8450489
23358,세현고등학교,37.56043374,126.8636161
23359,수명고등학교,37.54973358,126.8244181
23360,경복비즈니스고등학교,37.55811116,126.8526387
23361,경복여자고등학교,37.55783,126.8505944
23362,대일고등학교,37.53957377,126.8625745
23363,덕원여자고등학교,37.54862603,126.8290301
23364,덕원예술고등학교,37.54862603,126.8290301
23365,동양고등학교,37.56906572,126.8468789
23366,마포고등학교,37.55986714,126.8534607
23367,명덕고등학교,37.55403035,126.8343102
23368,명덕여자고등학교,37.55403035,126.8343102
23369,명덕외국어고등학교,37.55403035,126.8343102
23370,서울신정고등학교,37.53825707,126.8568464
23371,서울항공비즈니스고등학교,37.56922131,126.8170374
23372,영등포공업고등학교,37.56983522,126.8500253
23373,영일고등학교,37.54729071,126.8620614
23374,한광고등학교,37.53884425,126.857935
23375,한서고등학교,37.57476975,126.8078818
23376,화곡고등학교,37.54797421,126.8314507
23377,화곡보건경영고등학교,37.54840959,126.8326548
23378,서울서진학교,37.56548005,126.8506242
23379,교남학교,37.54797175,126.8523526
23381,서울개봉초등학교,37.48952168,126.8579731
23382,서울고산초등학교,37.49897601,126.8647732
23383,서울고척초등학교,37.50084497,126.8567491
23384,서울구로남초등학교,37.48468372,126.8902268
23385,서울구일초등학교,37.49319345,126.8734776
23386,서울매봉초등학교,37.5049145,126.8443704
23387,서울미래초등학교,37.50510829,126.8880813
23388,서울세곡초등학교,37.50505992,126.8491184
23389,서울신미림초등학교,37.50714529,126.8795569
23390,서울영서초등학교,37.48774616,126.8949194
23391,서울오류남초등학교,37.48968944,126.8391091
23392,서울천왕초등학교,37.48130515,126.8368077
23393,서울하늘숲유치원,37.48509633,126.8430132
23394,서울항동유치원,37.47711294,126.8247188
23395,개봉샛별유치원,37.49167316,126.8568322
23396,꿀벌유치원,37.48497253,126.8893179
23397,동아유치원,37.51096405,126.8822372
23398,동정성모유치원,37.49045007,126.8285244
23399,목원유치원,37.49290396,126.8592561
23400,미림유치원,37.49086414,126.857964
23401,바니유치원,37.49327129,126.8778754
23403,새두산유치원,37.48989792,126.8889624
23404,서울남유치원,37.48803744,126.8818096
23405,세희유치원,37.49153685,126.893665
23406,신도유치원,37.48908825,126.8776439
23407,예쁨유치원,37.49522347,126.8174466
23408,정훈유치원,37.49639169,126.8630707
23409,푸른동산유치원,37.48672983,126.831364
23410,혜원유치원,37.49941587,126.8422949
23411,서울개명초등학교,37.48303854,126.8509823
23413,서울개웅초등학교,37.48860704,126.8500603
23415,서울고원초등학교,37.49760727,126.8658004
23418,서울구로초등학교,37.49727668,126.8860033
23420,서울덕의초등학교,37.50603176,126.8573487
23421,서울동구로초등학교,37.49406952,126.8927795
23425,서울신구로초등학교,37.49963168,126.8892255
23426,서울신도림초등학교,37.5119828,126.8832513
23429,서울영일초등학교,37.48564155,126.8838127
23431,서울오류초등학교,37.4975301,126.84203
23432,서울오정초등학교,37.49016807,126.8264368
23433,서울온수초등학교,37.49400187,126.8259698
23435,서울하늘숲초등학교,37.48416225,126.8414785
23436,서울항동초등학교,37.47691644,126.823987
23437,개봉중학교,37.50352566,126.8424012
23438,개웅중학교,37.48752661,126.8510719
23439,경인중학교,37.4984635,126.8536753
23440,고척중학교,37.49973599,126.8613463
23441,구로중학교,37.49485576,126.8911055
23442,구일중학교,37.49530471,126.8737739
23443,신도림중학교,37.51073603,126.8848082
23444,영림중학교,37.49722158,126.8906861
23445,영서중학교,37.48911321,126.8956117
23446,오남중학교,37.48705815,126.8372501
23447,오류중학교,37.50784529,126.8464629
23448,천왕중학교,37.48270756,126.8373966
23449,항동중학교,37.48267232,126.8201882
23450,우신중학교,37.49489769,126.8263516
23451,경인고등학교,37.49599084,126.865429
23452,고척고등학교,37.50804962,126.8498643
23453,구로고등학교,37.49883995,126.8903116
23454,구일고등학교,37.49350162,126.8746152
23455,구현고등학교,37.5022849,126.8744156
23456,세종과학고등학교,37.49756567,126.8273503
23457,신도림고등학교,37.51412305,126.8818508
23458,덕일전자공업고등학교,37.4906164,126.8371611
23459,서서울생활과학고등학교,37.503835,126.8280667
23460,서울공연예술고등학교,37.49993334,126.8326061
23461,예림디자인고등학교,37.50035315,126.82768
23462,오류고등학교,37.50035315,126.82768
23463,우신고등학교,37.49489769,126.8263516
23464,유한공업고등학교,37.48797435,126.8232937
23465,서울정진학교,37.49881555,126.8207488
23466,성베드로학교,37.48752529,126.8261615
23468,서울금나래초등학교,37.45796915,126.896171
23469,서울독산초등학교,37.46565204,126.8997095
23470,서울두산초등학교,37.46754349,126.8909434
23471,서울문교초등학교,37.46662666,126.9086257
23472,서울백산초등학교,37.44678941,126.9051502
23473,서울정심초등학교,37.47199318,126.9082199
23474,서울탑동유치원,37.45251506,126.9153633
23477,럭키유치원,37.44784045,126.8999475
23478,서울국악유치원,37.44636909,126.9064673
23479,시내유치원,37.47616077,126.891291
23480,예림유치원,37.45220809,126.9182498
23482,참사랑유치원,37.46290722,126.890424
23483,한신유치원,37.45538691,126.8888734
23484,서울가산초등학교,37.47821783,126.8963937
23486,서울금동초등학교,37.44773999,126.9164041
23487,서울금산초등학교,37.44128441,126.9081233
23488,서울금천초등학교,37.45480795,126.9128775
23492,서울문백초등학교,37.44707189,126.898693
23493,서울문성초등학교,37.47499108,126.8991884
23495,서울시흥초등학교,37.45534471,126.9046414
23496,서울신흥초등학교,37.45821571,126.9091547
23497,서울안천초등학교,37.45874333,126.8883943
23498,서울영남초등학교,37.47612013,126.9092114
23500,서울탑동초등학교,37.45251506,126.9153633
23501,동광초등학교,37.45193359,126.9158238
23502,가산중학교,37.46877493,126.8944749
23503,난곡중학교,37.47802635,126.9107327
23504,문성중학교,37.47546478,126.9084974
23505,세일중학교,37.47459509,126.8953729
23506,시흥중학교,37.44631171,126.9051346
23507,안천중학교,37.45972872,126.8877807
23508,한울중학교,37.46239643,126.9071837
23509,동일중학교,37.45193359,126.9158238
23510,문일중학교,37.44891933,126.8987224
23511,국립전통예술고등학교,37.44636909,126.9064673
23512,금천고등학교,37.44489495,126.9049066
23513,독산고등학교,37.47605446,126.9108856
23514,동일여자고등학교,37.45193359,126.9158238
23515,문일고등학교,37.44891933,126.8987224
23516,서울매그넷고등학교,37.45193359,126.9158238
23518,한국삼육중학교,37.64336047,127.1088554
23519,서울당중초등학교,37.52628635,126.8894192
23520,서울대길초등학교,37.49782752,126.9132502
23521,서울대동초등학교,37.49378557,126.9000098
23522,서울대방초등학교,37.50289926,126.919024
23523,서울도신초등학교,37.49927044,126.9007098
23524,서울선유초등학교,37.5328954,126.8927722
23525,서울영동초등학교,37.5270063,126.9077025
23526,서울영등포초등학교,37.51294351,126.8982586
23527,서울영림초등학교,37.48734831,126.9025126
23528,서울영중초등학교,37.52413993,126.9036941
23529,서울우신초등학교,37.50986177,126.9118657
23530,서울윤중초등학교,37.51963723,126.9225951
23531,굿프랜드유치원,37.49710165,126.9117226
23532,돈보스꼬유치원,37.51054876,126.9013816
23533,동천유치원,37.50635004,126.9121201
23534,명신유치원,37.507631,126.9083691
23535,무지개영재유치원,37.5251014,126.8937357
23536,살레시오성미유치원,37.50163825,126.9092592
23537,성락유치원,37.50395997,126.9011501
23538,성모유치원,37.5055357,126.9215874
23539,성요셉유치원,37.52135633,126.9373222
23540,성지유치원,37.51175591,126.9023254
23541,신길에덴유치원,37.50560553,126.9134656
23542,신라유치원,37.51469924,126.9166482
23543,여의도유치원,37.52156947,126.9389822
23544,여의유치원,37.52256269,126.9312075
23546,영중유치원,37.53107419,126.9052333
23547,우성유치원,37.50574807,126.900615
23549,청은유치원,37.52252102,126.8856964
23550,침례유치원,37.51773353,126.9342514
23551,큰나무유치원,37.50611765,126.8948299
23552,파란나라유치원,37.50322094,126.897259
23553,파랑새유치원,37.50238385,126.9002571
23554,평강유치원,37.49493331,126.9081579
23555,평화유치원,37.53237437,126.8967965
23556,한신혜원유치원,37.54028332,126.8917465
23557,한영유치원,37.52850207,126.9047844
23558,서울당산초등학교,37.54011813,126.8962412
23559,서울당서초등학교,37.53202402,126.8998112
23564,서울대영초등학교,37.50254952,126.9064638
23565,서울도림초등학교,37.50748584,126.9072854
23567,서울문래초등학교,37.51914433,126.8936086
23569,서울신대림초등학교,37.49228077,126.905833
23570,서울신영초등학교,37.5010025,126.8960928
23571,서울여의도초등학교,37.52320778,126.9367982
23575,서울영문초등학교,37.51960859,126.8873913
23576,서울영신초등학교,37.51017152,126.9181275
23577,서울영원초등학교,37.51071838,126.9021823
23581,당산서중학교,37.53248334,126.8988201
23582,당산중학교,37.53242733,126.907352
23583,대림중학교,37.49237732,126.9075053
23584,대영중학교,37.50343894,126.9052067
23585,문래중학교,37.52046208,126.8842564
23586,선유중학교,37.53324377,126.8943737
23587,신길중학교,37.50201978,126.915474
23588,양화중학교,37.51981603,126.8960649
23589,여의도중학교,37.52399103,126.9357237
23590,영남중학교,37.49787345,126.8958334
23591,영원중학교,37.51496905,126.9136467
23592,윤중중학교,37.51916268,126.9239142
23593,관악고등학교,37.52177436,126.8829585
23594,대영고등학교,37.50348974,126.905828
23595,선유고등학교,37.53389698,126.8948506
23596,여의도고등학교,37.52466504,126.9345262
23597,여의도여자고등학교,37.52283676,126.9346201
23598,영등포여자고등학교,37.51539025,126.91536
23599,영신고등학교,37.49810157,126.9097403
23600,한강미디어고등학교,37.53927029,126.8971137
23601,장훈고등학교,37.51334381,126.9162266
23602,한국제과학교,37.5159649,126.922037
23603,서울강남초등학교,37.495293,126.955338
23604,서울남성초등학교,37.48468858,126.9756751
23605,서울노량진초등학교,37.5117466,126.9408291
23606,서울문창초등학교,37.48898478,126.9148368
23607,서울본동초등학교,37.50992525,126.9538511
23608,서울상도유치원,37.5082459,126.9433329
23609,서울신남성초등학교,37.48815373,126.9648742
23610,서울은로유치원,37.50314949,126.9599964
23611,서울행림초등학교,37.48281123,126.9649591
23612,강남유치원,37.50341732,126.9495196
23613,노량진교회유치원,37.51215864,126.9557542
23615,명수유치원,37.50872197,126.9604508
23618,상도유치원,37.50157395,126.951977
23619,샛별유치원,37.49804485,126.9502846
23620,소망유치원,37.50826798,126.9672549
23621,송림유치원,37.48908744,126.9634591
23622,승혜유치원,37.49867478,126.9370779
23623,시현유치원,37.51030478,126.9468669
23624,열림유치원,37.50896593,126.9292181
23625,요요유치원,37.49527224,126.9116926
23627,중앙대부속유치원,37.50480732,126.9538546
23628,총신대부속유치원,37.48792698,126.9667657
23629,행복유치원,37.49565671,126.9411465
23630,행복한숲유치원,37.50763441,126.9495398
23632,서울남사초등학교,37.48194448,126.9782339
23635,서울대림초등학교,37.50060993,126.9248814
23636,서울동작초등학교,37.4941118,126.9765078
23638,서울보라매초등학교,37.49585371,126.9161399
23640,서울삼일초등학교,37.48826153,126.9751853
23641,서울상도초등학교,37.50039861,126.9373928
23642,서울상현초등학교,37.49477737,126.9526938
23643,서울신길초등학교,37.51087157,126.9267251
23645,서울신상도초등학교,37.50034619,126.9446203
23646,서울영본초등학교,37.51129399,126.9486741
23647,서울영화초등학교,37.50913695,126.9331858
23648,서울은로초등학교,37.50314949,126.9599964
23650,서울흑석초등학교,37.50829444,126.9651281
23651,중앙대학교사범대학부속초등학교,37.50480732,126.9538546
23652,강남중학교,37.50190254,126.9223634
23653,강현중학교,37.50295252,126.9308308
23654,국사봉중학교,37.49352925,126.9440602
23655,남성중학교,37.47905587,126.9724278
23656,대방중학교,37.49543757,126.9130133
23657,동작중학교,37.49546555,126.9778012
23658,문창중학교,37.49585689,126.9224049
23659,사당중학교,37.48776228,126.9685432
23660,상도중학교,37.49091722,126.9614775
23661,상현중학교,37.49415336,126.9606073
23662,영등포중학교,37.50808235,126.9331443
23663,장승중학교,37.50314156,126.9408261
23664,동양중학교,37.51021857,126.9574779
23665,성남중학교,37.50528407,126.9266128
23666,숭의여자중학교,37.50736228,126.929241
23667,중앙대학교사범대학부속중학교,37.50363328,126.9617314
23668,동작고등학교,37.4826051,126.9650863
23669,서울공업고등학교,37.50190254,126.9223634
23670,수도여자고등학교,37.49279685,126.9149061
23671,영등포고등학교,37.50808235,126.9331443
23672,경문고등학교,37.49342268,126.9822732
23673,성남고등학교,37.50528407,126.9266128
23674,숭의여자고등학교,37.50736228,126.929241
23675,누리학교,37.49997605,126.926519
23676,서울삼성학교,37.49919311,126.9466722
23679,서울관악초등학교,37.48102721,126.9425513
23680,서울구암유치원,37.48720625,126.9453364
23681,서울난곡초등학교,37.46913045,126.9163445
23682,서울남부초등학교,37.4851234,126.9221858
23683,서울남현유치원,37.47383744,126.9733131
23684,서울당곡초등학교,37.49017146,126.9303682
23685,서울봉천초등학교,37.48326542,126.9581912
23686,서울삼성초등학교,37.46852016,126.9404889
23687,서울신림초등학교,37.47711969,126.9268795
23688,서울신봉초등학교,37.48540254,126.9492062
23689,서울신성초등학교,37.47200077,126.9367543
23690,서울신우유치원,37.46326763,126.9325371
23691,서울원당초등학교,37.48147253,126.9561696
23692,서울은천초등학교,37.48658781,126.9426765
23693,서울청룡초등학교,37.47672582,126.9512835
23694,서울청림유치원,37.48909411,126.9601119
23695,꿈나라유치원,37.46059148,126.920616
23696,나랑유치원,37.48573432,126.9439663
23697,동원유치원,37.48287358,126.9566702
23698,명성유치원,37.46550643,126.9270227
23699,배꽃유치원,37.48560823,126.9419553
23700,새소슬유치원,37.48985123,126.9529887
23702,서울유치원,37.48750784,126.9559726
23703,애동유치원,37.47381585,126.9202791
23704,영그린유치원,37.47706265,126.9403899
23705,은아유치원,37.47545398,126.9644273
23708,현대유치원,37.49225015,126.9593558
23710,서울구암초등학교,37.4892149,126.9462694
23712,서울난우초등학교,37.47730728,126.9177981
23713,서울난향초등학교,37.46282327,126.9183344
23716,서울미성초등학교,37.47833894,126.9123902
23718,서울봉현초등학교,37.49131603,126.9556031
23719,서울사당초등학교,37.47383744,126.9733131
23724,서울신우초등학교,37.46326763,126.9325371
23726,서울원신초등학교,37.46719333,126.9272361
23728,서울인헌초등학교,37.47675652,126.9598643
23729,서울조원초등학교,37.48412413,126.9095023
23731,관악중학교,37.48126179,126.9619163
23732,구암중학교,37.492675,126.9483016
23733,난우중학교,37.46680191,126.9228329
23734,남서울중학교,37.4821395,126.9210414
23735,당곡중학교,37.49235485,126.9326779
23736,미성중학교,37.47560518,126.9120001
23737,봉림중학교,37.48119998,126.9376983
23738,봉원중학교,37.48410056,126.958892
23739,삼성중학교,37.46760119,126.9425141
23740,신관중학교,37.48019769,126.9344562
23741,신림중학교,37.47032647,126.9460029
23742,인헌중학교,37.47269925,126.9688404
23743,광신중학교,37.4644604,126.9259412
23744,남강중학교,37.47137096,126.9248928
23745,서울문영여자중학교,37.47290212,126.9509185
23746,성보중학교,37.48072411,126.9209599
23747,구암고등학교,37.49231737,126.9496296
23748,당곡고등학교,37.49235485,126.9326779
23749,삼성고등학교,37.46898041,126.9435912
23750,신림고등학교,37.47920991,126.9169679
23751,인헌고등학교,37.4723081,126.9704851
23752,광신고등학교,37.4644604,126.9259412
23753,광신방송예술고등학교,37.4644604,126.9259412
23754,남강고등학교,37.47137096,126.9248928
23755,미림마이스터고등학교,37.46610049,126.9319317
23756,미림여자고등학교,37.46610049,126.9319317
23757,서울관광고등학교,37.48781388,126.9437561
23758,서울문영여자고등학교,37.47290212,126.9509185
23759,서울미술고등학교,37.47669972,126.9667505
23760,서울여자상업고등학교,37.47290212,126.9509185
23761,성보고등학교,37.48072411,126.9209599
23762,영락고등학교,37.47653853,126.9454183
23763,영락의료과학고등학교,37.47653853,126.9454183
23764,서울정문학교,37.46171131,126.9169488
23765,서울새롬학교,37.49317188,126.9273739
23767,서울반포초등학교,37.50248725,126.9917412
23768,서울방배초등학교,37.48676057,126.9871353
23769,서울서래초등학교,37.49640067,126.9901605
23770,서울양재유치원,37.47418709,127.0318943
23771,서울어진유치원,37.46178568,127.0249665
23772,서울언남초등학교,37.45411515,127.061438
23773,서울우면초등학교,37.46471323,127.0237642
23774,서울우솔초등학교,37.45717101,127.0193635
23775,서울우암초등학교,37.47229079,127.0237223
23776,서울원명초등학교,37.5008686,127.016746
23777,서울청계숲유치원,37.44779635,127.057742
23778,구룡유치원,37.47112844,127.0491742
23779,동화유치원,37.49582954,127.0186554
23780,반포자이유치원,37.50786284,127.0115872
23781,새성민유치원,37.4806738,126.9961043
23782,새순유치원,37.48906156,126.9885743
23783,서초유치원,37.45609061,127.0162127
23784,석문유치원,37.49288157,127.0217359
23785,여나유치원,37.50038131,127.0155762
23786,영생유치원,37.50500764,126.9956772
23787,천사유치원,37.47479231,127.0320787
23790,서울교육대학교부설초등학교,37.49073844,127.015386
23791,서울매헌초등학교,37.47126029,127.0420615
23792,서울반원초등학교,37.51022407,127.0041247
23795,서울방일초등학교,37.48520232,126.9988481
23796,서울방현초등학교,37.47650468,126.9900774
23798,서울서원초등학교,37.50243678,127.0146218
23799,서울서이초등학교,37.49156204,127.0256205
23800,서울서일초등학교,37.4852982,127.0221625
23801,서울서초초등학교,37.4990438,127.0248901
23802,서울신동초등학교,37.51713298,127.0113859
23803,서울신중초등학교,37.48015462,127.00934
23804,서울양재초등학교,37.47418709,127.0318943
23810,서울원촌초등학교,37.50612207,127.0124584
23811,서울이수초등학교,37.47846677,126.9845562
23812,서울잠원초등학교,37.50174765,126.9980167
23813,계성초등학교,37.50489015,126.9966967
23814,경원중학교,37.51162669,127.0091283
23815,내곡중학교,37.45200507,127.0544455
23816,반포중학교,37.50305379,126.9916092
23817,방배중학교,37.494871,126.9978258
23818,서운중학교,37.49394993,127.0245378
23819,서일중학교,37.49853409,127.0231777
23820,서초중학교,37.48572596,127.0085994
23821,신동중학교,37.51691149,127.012916
23822,신반포중학교,37.5062638,126.9961129
23823,언남중학교,37.47261137,127.0442263
23824,영동중학교,37.46601521,127.0253978
23825,원촌중학교,37.50632094,127.0146953
23826,이수중학교,37.48062969,126.9898637
23827,동덕여자중학교,37.47597245,126.9921196
23828,서문여자중학교,37.48885589,126.9845514
23829,세화여자중학교,37.50199479,126.9942246
23830,반포고등학교,37.50270477,127.0165071
23831,서울고등학교,37.48428924,127.0048983
23832,서울웹툰애니메이션고등학교,37.46984309,126.9886973
23833,서초고등학교,37.48960953,127.0053819
23834,양재고등학교,37.4824243,127.0320822
23835,언남고등학교,37.47233121,127.0430088
23836,동덕여자고등학교,37.47597245,126.9921196
23837,상문고등학교,37.47975769,127.0039181
23838,서문여자고등학교,37.48885589,126.9845514
23839,세화고등학교,37.50199479,126.9942246
23840,세화여자고등학교,37.50199479,126.9942246
23841,서울나래학교,37.46402873,127.0515022
23842,다니엘학교,37.46016792,127.0923231
23844,서울개원초등학교,37.48136235,127.0590512
23845,서울개포유치원,37.4862731,127.0693022
23846,서울논현초등학교,37.50848885,127.0262265
23847,서울대왕초등학교,37.46462104,127.1055858
23848,서울대현초등학교,37.50394362,127.0636883
23849,서울도곡초등학교,37.49950918,127.0544697
23850,서울세명유치원,37.46885363,127.0910764
23851,서울수서초등학교,37.49101876,127.1015625
23852,서울신구유치원,37.52340129,127.0240419
23853,서울언주초등학교,37.48631927,127.0367925
23854,서울역삼초등학교,37.49316013,127.0325997
23855,서울영희초등학교,37.49230358,127.0811353
23856,서울율현초등학교,37.47456194,127.10826
23857,서울은곡유치원,37.46679865,127.0968892
23858,서울일원초등학교,37.48986913,127.0763026
23859,서울자곡초등학교,37.47241648,127.0998064
23860,서울청담초등학교,37.52827714,127.045158
23861,서울포이초등학교,37.47610232,127.0525483
23862,서울학동초등학교,37.51222847,127.0394802
23863,강남유정유치원,37.48301192,127.0949418
23864,남부유치원,37.48760449,127.0497573
23865,도곡렉슬유치원,37.49420903,127.0497302
23868,묘동유치원,37.49740798,127.0587711
23874,신아유치원,37.49325206,127.0791221
23875,영동제일유치원,37.51756702,127.0534278
23876,오즈의마법사유치원,37.46399496,127.1062036
23877,이화유치원,37.49233364,127.0745873
23878,청담몬테소리유치원,37.51934984,127.0465386
23879,초원유치원,37.47601652,127.0485923
23880,푸른유치원,37.4848701,127.0811697
23882,서울개일초등학교,37.48619102,127.0577922
23883,서울개포초등학교,37.48663909,127.0700101
23884,서울개현초등학교,37.48080149,127.0621789
23885,서울구룡초등학교,37.48122304,127.0517601
23887,서울대곡초등학교,37.49470934,127.0650247
23888,서울대도초등학교,37.49306968,127.0537253
23889,서울대모초등학교,37.48060038,127.0859933
23891,서울대진초등학교,37.49707283,127.0780009
23892,서울대청초등학교,37.4931478,127.0877631
23893,서울대치초등학교,37.49120537,127.061755
23896,서울도성초등학교,37.50146464,127.0488694
23897,서울봉은초등학교,37.52018634,127.0609968
23898,서울삼릉초등학교,37.51314467,127.0469228
23899,서울세명초등학교,37.46885363,127.0910764
23901,서울신구초등학교,37.52340129,127.0240419
23902,서울압구정초등학교,37.5317379,127.0308465
23903,서울양전초등학교,37.4904933,127.0697136
23904,서울언북초등학교,37.52012808,127.0447187
23908,서울왕북초등학교,37.4864849,127.0860687
23915,개원중학교,37.49190331,127.071415
23916,개포중학교,37.48047624,127.0620699
23917,구룡중학교,37.48603407,127.0561885
23918,대명중학교,37.50642725,127.0609993
23919,대왕중학교,37.48345811,127.087338
23920,대청중학교,37.49055702,127.0584046
23921,대치중학교,37.48457335,127.0470705
23922,도곡중학교,37.49238761,127.0450942
23923,봉은중학교,37.51894495,127.0623925
23924,세곡중학교,37.4719148,127.0919325
23925,수서중학교,37.4911062,127.1023982
23926,신구중학교,37.52743764,127.0316714
23927,신사중학교,37.52460003,127.0208133
23928,압구정중학교,37.5302418,127.0330042
23929,언북중학교,37.51926778,127.0331004
23930,언주중학교,37.51465655,127.0466887
23931,역삼중학교,37.49597667,127.0488032
23932,청담중학교,37.52866182,127.0448137
23933,단국대학교사범대학부속중학교,37.4956429,127.0577641
23934,숙명여자중학교,37.49147493,127.0526145
23935,은성중학교,37.48850565,127.0352944
23936,중동중학교,37.48835555,127.0786393
23937,진선여자중학교,37.50229789,127.048282
23938,휘문중학교,37.50529082,127.0619975
23939,국립국악고등학교,37.47628967,127.0511892
23940,개포고등학교,37.48477323,127.0596643
23941,경기고등학교,37.51756114,127.0560749
23942,경기여자고등학교,37.4867296,127.0654859
23943,서울로봇고등학교,37.48077717,127.0843856
23944,압구정고등학교,37.53117667,127.0327319
23945,청담고등학교,37.52802365,127.0438941
23946,단국대학교부속소프트웨어고등학교,37.4956429,127.0577641
23947,단국대학교사범대학부속고등학교,37.4956429,127.0577641
23948,대진디자인고등학교,37.49049688,127.095745
23949,서울세종고등학교,37.49048966,127.1030841
23950,수도전기공업고등학교,37.48493754,127.0644792
23951,숙명여자고등학교,37.49147493,127.0526145
23952,영동고등학교,37.52139066,127.043741
23953,은광여자고등학교,37.48850565,127.0352944
23954,중동고등학교,37.49376087,127.0808235
23955,중산고등학교,37.48574615,127.0814303
23956,중앙대학교사범대학부속고등학교,37.49197576,127.0521446
23957,진선여자고등학교,37.50229789,127.048282
23958,풍문고등학교,37.47133642,127.0999663
23959,현대고등학교,37.52547795,127.0223744
23960,휘문고등학교,37.50529082,127.0619975
23961,서울정애학교,37.51440341,127.0544405
23962,밀알학교,37.48577818,127.0820745
23965,서울가락초등학교,37.50020201,127.1077069
23966,서울거여초등학교,37.50505229,127.1409245
23967,서울거원초등학교,37.48767099,127.1446852
23968,서울남천초등학교,37.50144696,127.1507601
23969,서울방이초등학교,37.51342618,127.1204903
23970,서울세륜초등학교,37.51865432,127.1341963
23971,서울솔가람유치원,37.47802048,127.1409396
23972,서울솔방울유치원,37.50485203,127.1173898
23973,서울송전초등학교,37.50882873,127.0951283
23974,서울송파위례유치원,37.48468069,127.1473539
23975,서울송파초등학교,37.50702315,127.1113131
23976,서울신천초등학교,37.51400916,127.0950433
23977,서울아주초등학교,37.50586766,127.0757552
23978,서울영풍초등학교,37.49630003,127.1430037
23979,서울위례별유치원,37.47774795,127.1456122
23980,서울위례솔초등학교,37.48666925,127.1507236
23981,서울잠신초등학교,37.5141439,127.0879492
23982,서울잠일초등학교,37.5150752,127.0813769
23983,서울평화초등학교,37.49147567,127.122828
23986,란키즈유치원,37.4807696,127.1262885
23987,리아유치원,37.51668867,127.1377144
23988,리틀바움유치원,37.53011435,127.1193556
23989,불광유치원,37.50691768,127.1021188
23991,생명나무유치원,37.47799895,127.1293621
23992,석촌유치원,37.5028705,127.1066912
23993,송파유정유치원,37.4857212,127.1330607
23994,수정유치원,37.51597362,127.1153134
23995,아이코리아부속새세대유치원,37.48277291,127.1340445
23996,아주유치원,37.48840297,127.1462261
23997,예은유치원,37.50488989,127.1224791
23998,올림픽유치원,37.51668867,127.1377144
24000,위례우일유치원,37.4965413,127.157782
24001,은선유치원,37.49216833,127.1263256
24002,의명유치원,37.50639471,127.127359
24003,잠실럭키유치원,37.51343301,127.0904124
24005,제일무궁화유치원,37.49473466,127.1309889
24006,티움유치원,37.50110575,127.1152624
24008,햇빛유치원,37.52048807,127.1141289
24009,혜림유치원,37.49433317,127.135223
24010,홍익가족유치원,37.5061693,127.0949568
24011,서울가동초등학교,37.49748511,127.1300637
24013,서울가원초등학교,37.48944127,127.1110236
24014,서울가주초등학교,37.49642447,127.1291938
24015,서울개롱초등학교,37.49734783,127.1396329
24019,서울마천초등학교,37.49550431,127.1526254
24020,서울문덕초등학교,37.4853492,127.127807
24021,서울문정초등학교,37.48872045,127.129204
24022,서울문현초등학교,37.48281103,127.1306406
24023,서울방산초등학교,37.50956509,127.1210897
24025,서울버들초등학교,37.50801668,127.0902858
24026,서울삼전초등학교,37.50169613,127.093269
24027,서울석촌초등학교,37.50262496,127.1052012
24029,서울송례초등학교,37.47773939,127.138218
24032,서울신가초등학교,37.5004102,127.1198623
24036,서울오금초등학교,37.50949894,127.1316551
24037,서울오륜초등학교,37.51244794,127.1344602
24038,서울위례별초등학교,37.47911166,127.1447939
24040,서울잠동초등학교,37.51833552,127.0999346
24042,서울잠실초등학교,37.52027731,127.111258
24044,서울잠전초등학교,37.50733625,127.0838469
24045,서울잠현초등학교,37.52257896,127.1046126
24046,서울중대초등학교,37.49975723,127.1132652
24047,서울토성초등학교,37.53173511,127.1155801
24049,서울풍납초등학교,37.53529082,127.1175297
24050,서울풍성초등학교,37.52629505,127.1134834
24051,서울해누리초등학교,37.49841177,127.10213
24052,가락중학교,37.5026811,127.1186821
24053,가원중학교,37.49095427,127.1229924
24054,거원중학교,37.48752228,127.1465527
24055,문정중학교,37.4886089,127.1299629
24056,문현중학교,37.48068217,127.1278725
24057,방산중학교,37.50928123,127.1216925
24058,방이중학교,37.51500308,127.1132548
24059,서울체육중학교,37.52232556,127.129821
24060,석촌중학교,37.50145575,127.1211168
24061,세륜중학교,37.50892825,127.1312432
24062,송례중학교,37.4778315,127.139732
24063,송파중학교,37.49591623,127.1299235
24064,신천중학교,37.5162483,127.0792812
24065,아주중학교,37.50514238,127.0763409
24066,오금중학교,37.50544066,127.1287273
24067,오륜중학교,37.51618359,127.1388854
24068,오주중학교,37.50170224,127.1362353
24069,위례솔중학교,37.48726131,127.1503551
24070,잠신중학교,37.51626601,127.0873804
24071,잠실중학교,37.51691327,127.1001214
24072,풍납중학교,37.52534701,127.1156328
24073,풍성중학교,37.52563208,127.1127898
24074,해누리중학교,37.49841177,127.10213
24075,배명중학교,37.49771449,127.0957599
24076,보성중학교,37.5200892,127.1357296
24077,보인중학교,37.49757226,127.1395172
24078,영파여자중학교,37.53273931,127.1197434
24079,일신여자중학교,37.50175602,127.1142595
24080,정신여자중학교,37.50945695,127.0738447
24081,가락고등학교,37.50105139,127.1164279
24082,덕수고등학교,37.48567745,127.146879
24083,문정고등학교,37.48516909,127.1265992
24084,문현고등학교,37.48131043,127.1287584
24085,방산고등학교,37.50826314,127.1204942
24086,서울인공지능고등학교,37.49176552,127.1427049
24087,서울체육고등학교,37.52232556,127.129821
24088,오금고등학교,37.50453233,127.1289641
24089,잠신고등학교,37.51188682,127.0885422
24090,잠실고등학교,37.52292677,127.1065203
24091,잠일고등학교,37.51434562,127.0825736
24092,창덕여자고등학교,37.51613023,127.1402208
24093,배명고등학교,37.49771449,127.0957599
24094,보성고등학교,37.5200892,127.1357296
24095,보인고등학교,37.49757226,127.1395172
24096,영동일고등학교,37.50989424,127.0895504
24097,영파여자고등학교,37.53273931,127.1197434
24098,일신여자상업고등학교,37.50175602,127.1142595
24099,잠실여자고등학교,37.50175602,127.1142595
24100,정신여자고등학교,37.50945695,127.0738447
24101,광성하늘빛학교,37.53738024,127.1222349
24102,한국육영학교,37.48194166,127.132505
24103,서울강덕초등학교,37.55954456,127.1604814
24104,서울강빛초등학교,37.57434042,127.1707762
24105,서울강솔유치원,37.5618729,127.1802637
24106,서울고명초등학교,37.55297266,127.1474378
24107,서울고일초등학교,37.55154315,127.16941
24108,서울고현초등학교,37.55379915,127.1660462
24109,서울길동초등학교,37.53859205,127.1449761
24110,서울명일유치원,37.55341949,127.1419437
24111,서울선린초등학교,37.52975716,127.1455973
24112,서울신명초등학교,37.54092577,127.1499738
24113,서울위례초등학교,37.52231482,127.1394372
24114,서울천호초등학교,37.54772189,127.1365881
24115,가람유치원,37.54826066,127.1537837
24116,강동유정유치원,37.55056377,127.174955
24117,강일늘사랑유치원,37.56314796,127.1783255
24118,고덕유치원,37.55110948,127.169245
24119,구강사금강유치원,37.54485374,127.1288354
24121,녹원유치원,37.54852049,127.153577
24123,둔촌유치원,37.53138142,127.1397066
24124,명덕유치원,37.55987092,127.1531772
24125,반석유치원,37.54280803,127.1473384
24126,선아유치원,37.55032051,127.1698083
24127,성보나유치원,37.56034697,127.1694822
24128,예슬유치원,37.55344437,127.1256571
24129,오송유치원,37.5458496,127.1319246
24131,은새유치원,37.55237013,127.1526168
24132,준현유치원,37.53049264,127.1266262
24133,천호유치원,37.54165797,127.1316902
24134,한영중고등학교병설한영유치원,37.54926086,127.1575749
24135,화랑유치원,37.54292792,127.1377749
24137,서울강동초등학교,37.54635945,127.1301872
24138,서울강명초등학교,37.55455507,127.1736095
24140,서울강솔초등학교,37.5618729,127.1802637
24141,서울강일초등학교,37.56509672,127.1773872
24142,서울고덕초등학교,37.56129614,127.166076
24147,서울대명초등학교,37.54766228,127.1532698
24148,서울둔촌초등학교,37.52623803,127.1374576
24149,서울명덕초등학교,37.55675813,127.1450859
24150,서울명원초등학교,37.55129171,127.1505013
24151,서울명일초등학교,37.55455048,127.1425871
24152,서울묘곡초등학교,37.55870793,127.1530885
24153,서울상일초등학교,37.5475743,127.172668
24155,서울선사초등학교,37.55585092,127.1281983
24156,서울성내초등학교,37.53135413,127.1224977
24157,서울성일초등학교,37.52971287,127.1284116
24159,서울신암초등학교,37.5559197,127.1338792
24161,서울천동초등학교,37.54101809,127.1378308
24162,서울천일초등학교,37.54436493,127.1334355
24164,서울한산초등학교,37.52869719,127.1410724
24165,강동중학교,37.5696772,127.177835
24166,강명중학교,37.55543803,127.1748901
24167,강빛중학교,37.57434042,127.1707762
24168,강일중학교,37.55518603,127.1382904
24169,고덕중학교,37.56036379,127.1616494
24170,둔촌중학교,37.53083473,127.1463318
24171,명일중학교,37.55759404,127.1472947
24172,성내중학교,37.52906033,127.1291206
24173,신명중학교,37.54181294,127.1492961
24174,신암중학교,37.55637704,127.1335796
24175,천일중학교,37.54606923,127.1274859
24176,천호중학교,37.54651915,127.1397027
24177,한산중학교,37.52889882,127.1403008
24178,동북중학교,37.52024247,127.1394497
24179,동신중학교,37.5365683,127.1330956
24180,배재중학교,37.55505627,127.1502436
24181,상일중학교,37.54858859,127.1708234
24182,성덕여자중학교,37.54931814,127.1417303
24183,한영중학교,37.54926086,127.1575749
24184,강일고등학교,37.56390313,127.1780795
24185,둔촌고등학교,37.53142924,127.1438132
24186,명일여자고등학교,37.54978032,127.1495791
24187,선사고등학교,37.55633004,127.1357759
24188,강동고등학교,37.5499136,127.1606685
24189,광문고등학교,37.56045889,127.158547
24190,동북고등학교,37.52024247,127.1394497
24191,배재고등학교,37.55505627,127.1502436
24192,상일미디어고등학교,37.54858859,127.1708234
24193,상일여자고등학교,37.54858859,127.1708234
24194,서울컨벤션고등학교,37.55911248,127.1580075
24195,성덕고등학교,37.54931814,127.1417303
24196,한영고등학교,37.54926086,127.1575749
24197,한영외국어고등학교,37.54926086,127.1575749
24198,주몽학교,37.54630003,127.1631647
24199,한국구화학교,37.55829059,127.1590014
13,서울대학교,37.468038058,126.9592943376
24,한국체육대학교,37.5199046323,127.1320005395
28,서울과학기술대학교,37.6330789279,127.0767947429
31,서울시립대학교,37.5825775765,127.059988127
33,가톨릭대학교,37.5023936158,127.0058606043
35,감리교신학대학교,37.5679167647,126.9618923676
37,건국대학교,37.5391826749,127.0747119023
42,경기대학교,37.5651946924,126.9622241503
50,경희대학교,37.5939491408,127.0548909606
52,고려대학교,37.5864922167,127.0309795766
57,광운대학교,37.6193203482,127.0583380669
60,국민대학교,37.61028784,126.9985206
61,강서대학교,37.5486853053,126.8541565249
73,서울기독대학교,37.6007568622,126.9121924216
74,덕성여자대학교,37.6495090773,127.0163952301
75,동국대학교,37.55893664,126.9987376
77,동덕여자대학교,37.6068148328,127.0411763018
85,명지대학교,37.5803770224,126.9213485309
90,삼육대학교,37.6433573691,127.1088503432
91,상명대학교,37.6041089059,126.9551594966
93,서강대학교,37.55146931,126.943025
94,서경대학교,37.6154147804,127.0135657644
96,서울여자대학교,37.6287826577,127.0889915089
101,성공회대학교,37.4875235978,126.8261635351
102,성균관대학교,37.5872284083,126.9931151163
103,성신여자대학교,37.5916524767,127.0221456165
105,세종대학교,37.5516081379,127.0731831883
108,숙명여자대학교,37.5452862347,126.9654124669
110,숭실대학교,37.4964289689,126.9551579174
116,연세대학교,37.56380644,126.9429309
129,이화여자대학교,37.56446452,126.9502888
135,장로회신학대학교,37.5502659035,127.1031347439
140,중앙대학교,37.5047267238,126.9538339076
144,총신대학교,37.4879290071,126.9667631083
145,추계예술대학교,37.56317672,126.9540593
152,한국성서대학교,37.6489617716,127.0637509635
153,한국외국어대학교,37.5982966772,127.0579424137
160,한성대학교,37.5832358514,127.0103900048
163,한양대학교,37.5545035492,127.0466112168
165,서울한영대학교,37.4965661099,126.8512504636
171,홍익대학교,37.5525192524,126.9249906195
201,서울교육대학교,37.4907404858,127.0154245376
212,한국방송통신대학교,37.5791954862,127.003290881
219,정석대학,37.5462081658,126.8138841209
222,경희사이버대학교,37.5939491408,127.0548909606
226,서울디지털대학교,37.555000498,126.8540200682
227,서울사이버대학교,37.62984392,127.0271231
229,세종사이버대학교,37.5537274683,127.0728868294
230,한국열린사이버대학교,37.59833282,127.0916241
232,고려사이버대학교,37.5869442676,126.9870630256
233,숭실사이버대학교,37.5744754999,126.9887757806
234,디지털서울문화예술대학교,37.58544374,126.9438792
235,한양사이버대학교,37.5571863579,127.0475189747
236,사이버한국외국어대학교,37.5982966772,127.0579424137
243,한국예술종합학교,37.60635811,127.0539408
245,SPC식품과학대학,37.4911278898,126.9095247671
246,국제예술대학교,37.51691937,127.0310425
247,백석예술대학교,37.4803713866,126.9968969543
248,정화예술대학교,37.55985621,126.9847828
290,동양미래대학교,37.4999957879,126.8681696567
296,명지전문대학,37.5853653,126.9256899
299,배화여자대학교,37.5795440102,126.9672918715
305,삼육보건대학교,37.5862119388,127.0635532812
308,서일대학교,37.5860827979,127.0972033101
313,숭의여자대학교,37.55785307,126.9874816
330,인덕대학교,37.6303438662,127.0544999153
350,한양여자대학교,37.5579175887,127.0493218973
368,한국폴리텍,37.5299749717,126.9968169507
392,KCUE대학교,37.4799534975,126.8770082397
395,베뢰아국제대학원대학교,37.5009164398,126.8982487585
401,횃불트리니티신학대학원대학교,37.4793861922,127.034774887
402,수도국제대학원대학교,37.4829985966,126.922662766
403,서울성경신학대학원대학교,37.49031064,126.9136874
404,예명대학원대학교,37.4842221155,127.0237447298
405,서울사회복지대학원대학교,37.51955557,126.9031437
408,국제언어대학원대학교,37.524225199,127.1294853263
410,서울불교대학원대학교,37.4664180215,126.9023257106
411,서울외국어대학원대학교,37.4812785383,127.0389564352
412,서울벤처대학원대학교,37.5107746,127.0443688
415,개신대학원대학교,37.62955491,127.0245062
417,서울과학종합대학원대학교,37.5573935501,126.9485236847
420,동방문화대학원대학교,37.5966566434,126.9914878427
421,북한대학원대학교,37.5858093172,126.9836737756
422,순복음대학원대학교,37.4734161307,126.9818481982
424,한림국제대학원대학교,37.5009760976,127.0514255719
425,한반도국제대학원대학교,37.5430772141,126.960139236
426,서울미디어대학원대학교,37.5582049766,126.8469707855
427,서울상담심리대학원대학교,37.5760847789,126.9959192011
428,한국상담대학원대학교,37.4869165343,127.0239755667
1271,백석대학교,37.4804670815,126.9972060569
1377,한신대학교,37.6350136598,127.0129394124
1421,호서대학교,37.481392801,127.012306526
1627,KDB금융대학교,37.5271224,126.920832
1679,치유상담대학원대학교,37.488529792,126.9954613898
1817,서울여자간호대학교,37.5975698954,126.9477573738
2015,태재대학교,37.583600095,126.9883453223
