grid_id,center_lat,center_lng,sw_lat,sw_lng,ne_lat,ne_lng
1,37.478919,126.905314,37.478468,126.904746,37.479369,126.905882
2,37.478919,126.906449,37.478468,126.905882,37.479369,126.907017
3,37.478919,126.907585,37.478468,126.907017,37.479369,126.908153
4,37.478919,126.90872,37.478468,126.908153,37.479369,126.909288
5,37.478919,126.909856,37.478468,126.909288,37.479369,126.910424
6,37.478919,126.910991,37.478468,126.910424,37.479369,126.911559
7,37.478919,126.912127,37.478468,126.911559,37.479369,126.912694
8,37.478919,126.913262,37.478468,126.912694,37.479369,126.91383
9,37.478919,126.914398,37.478468,126.91383,37.479369,126.914965
10,37.478919,126.915533,37.478468,126.914965,37.479369,126.916101
11,37.478919,126.916669,37.478468,126.916101,37.479369,126.917236
12,37.478919,126.917804,37.478468,126.917236,37.479369,126.918372
13,37.478919,126.918939,37.478468,126.918372,37.479369,126.919507
14,37.478919,126.920075,37.478468,126.919507,37.479369,126.920643
15,37.478919,126.92121,37.478468,126.920643,37.479369,126.921778
16,37.478919,126.922346,37.478468,126.921778,37.479369,126.922914
17,37.478919,126.923481,37.478468,126.922914,37.479369,126.924049
18,37.478919,126.924617,37.478468,126.924049,37.479369,126.925184
19,37.478919,126.925752,37.478468,126.925184,37.479369,126.92632
20,37.478919,126.926888,37.478468,126.92632,37.479369,126.927455
21,37.478919,126.928023,37.478468,126.927455,37.479369,126.928591
22,37.478919,126.929159,37.478468,126.928591,37.479369,126.929726
23,37.478919,126.930294,37.478468,126.929726,37.479369,126.930862
24,37.478919,126.931429,37.478468,126.930862,37.479369,126.931997
25,37.478919,126.932565,37.478468,126.931997,37.479369,126.933133
26,37.478919,126.9337,37.478468,126.933133,37.479369,126.934268
27,37.478919,126.934836,37.478468,126.934268,37.479369,126.935404
28,37.478919,126.935971,37.478468,126.935404,37.479369,126.936539
29,37.478919,126.937107,37.478468,126.936539,37.479369,126.937674
30,37.478919,126.938242,37.478468,126.937674,37.479369,126.93881
31,37.478919,126.939378,37.478468,126.93881,37.479369,126.939945
32,37.478919,126.940513,37.478468,126.939945,37.479369,126.941081
33,37.478919,126.941649,37.478468,126.941081,37.479369,126.942216
34,37.478919,126.942784,37.478468,126.942216,37.479369,126.943352
35,37.478919,126.943919,37.478468,126.943352,37.479369,126.944487
36,37.478919,126.945055,37.478468,126.944487,37.479369,126.945623
37,37.478919,126.94619,37.478468,126.945623,37.479369,126.946758
38,37.478919,126.947326,37.478468,126.946758,37.479369,126.947894
39,37.478919,126.948461,37.478468,126.947894,37.479369,126.949029
40,37.478919,126.949597,37.478468,126.949029,37.479369,126.950164
41,37.478919,126.950732,37.478468,126.950164,37.479369,126.9513
42,37.478919,126.951868,37.478468,126.9513,37.479369,126.952435
43,37.478919,126.953003,37.478468,126.952435,37.479369,126.953571
44,37.47982,126.905314,37.479369,126.904746,37.48027,126.905882
45,37.47982,126.906449,37.479369,126.905882,37.48027,126.907017
46,37.47982,126.907585,37.479369,126.907017,37.48027,126.908153
47,37.47982,126.90872,37.479369,126.908153,37.48027,126.909288
48,37.47982,126.909856,37.479369,126.909288,37.48027,126.910424
49,37.47982,126.910991,37.479369,126.910424,37.48027,126.911559
50,37.47982,126.912127,37.479369,126.911559,37.48027,126.912694
51,37.47982,126.913262,37.479369,126.912694,37.48027,126.91383
52,37.47982,126.914398,37.479369,126.91383,37.48027,126.914965
53,37.47982,126.915533,37.479369,126.914965,37.48027,126.916101
54,37.47982,126.916669,37.479369,126.916101,37.48027,126.917236
55,37.47982,126.917804,37.479369,126.917236,37.48027,126.918372
56,37.47982,126.918939,37.479369,126.918372,37.48027,126.919507
57,37.47982,126.920075,37.479369,126.919507,37.48027,126.920643
58,37.47982,126.92121,37.479369,126.920643,37.48027,126.921778
59,37.47982,126.922346,37.479369,126.921778,37.48027,126.922914
60,37.47982,126.923481,37.479369,126.922914,37.48027,126.924049
61,37.47982,126.924617,37.479369,126.924049,37.48027,126.925184
62,37.47982,126.925752,37.479369,126.925184,37.48027,126.92632
63,37.47982,126.926888,37.479369,126.92632,37.48027,126.927455
64,37.47982,126.928023,37.479369,126.927455,37.48027,126.928591
65,37.47982,126.929159,37.479369,126.928591,37.48027,126.929726
66,37.47982,126.930294,37.479369,126.929726,37.48027,126.930862
67,37.47982,126.931429,37.479369,126.930862,37.48027,126.931997
68,37.47982,126.932565,37.479369,126.931997,37.48027,126.933133
69,37.47982,126.9337,37.479369,126.933133,37.48027,126.934268
70,37.47982,126.934836,37.479369,126.934268,37.48027,126.935404
71,37.47982,126.935971,37.479369,126.935404,37.48027,126.936539
72,37.47982,126.937107,37.479369,126.936539,37.48027,126.937674
73,37.47982,126.938242,37.479369,126.937674,37.48027,126.93881
74,37.47982,126.939378,37.479369,126.93881,37.48027,126.939945
75,37.47982,126.940513,37.479369,126.939945,37.48027,126.941081
76,37.47982,126.941649,37.479369,126.941081,37.48027,126.942216
77,37.47982,126.942784,37.479369,126.942216,37.48027,126.943352
78,37.47982,126.943919,37.479369,126.943352,37.48027,126.944487
79,37.47982,126.945055,37.479369,126.944487,37.48027,126.945623
80,37.47982,126.94619,37.479369,126.945623,37.48027,126.946758
81,37.47982,126.947326,37.479369,126.946758,37.48027,126.947894
82,37.47982,126.948461,37.479369,126.947894,37.48027,126.949029
83,37.47982,126.949597,37.479369,126.949029,37.48027,126.950164
84,37.47982,126.950732,37.479369,126.950164,37.48027,126.9513
85,37.47982,126.951868,37.479369,126.9513,37.48027,126.952435
86,37.47982,126.953003,37.479369,126.952435,37.48027,126.953571
87,37.48072,126.905314,37.48027,126.904746,37.481171,126.905882
88,37.48072,126.906449,37.48027,126.905882,37.481171,126.907017
89,37.48072,126.907585,37.48027,126.907017,37.481171,126.908153
90,37.48072,126.90872,37.48027,126.908153,37.481171,126.909288
91,37.48072,126.909856,37.48027,126.909288,37.481171,126.910424
92,37.48072,126.910991,37.48027,126.910424,37.481171,126.911559
93,37.48072,126.912127,37.48027,126.911559,37.481171,126.912694
94,37.48072,126.913262,37.48027,126.912694,37.481171,126.91383
95,37.48072,126.914398,37.48027,126.91383,37.481171,126.914965
96,37.48072,126.915533,37.48027,126.914965,37.481171,126.916101
97,37.48072,126.916669,37.48027,126.916101,37.481171,126.917236
98,37.48072,126.917804,37.48027,126.917236,37.481171,126.918372
99,37.48072,126.918939,37.48027,126.918372,37.481171,126.919507
100,37.48072,126.920075,37.48027,126.919507,37.481171,126.920643
101,37.48072,126.92121,37.48027,126.920643,37.481171,126.921778
102,37.48072,126.922346,37.48027,126.921778,37.481171,126.922914
103,37.48072,126.923481,37.48027,126.922914,37.481171,126.924049
104,37.48072,126.924617,37.48027,126.924049,37.481171,126.925184
105,37.48072,126.925752,37.48027,126.925184,37.481171,126.92632
106,37.48072,126.926888,37.48027,126.92632,37.481171,126.927455
107,37.48072,126.928023,37.48027,126.927455,37.481171,126.928591
108,37.48072,126.929159,37.48027,126.928591,37.481171,126.929726
109,37.48072,126.930294,37.48027,126.929726,37.481171,126.930862
110,37.48072,126.931429,37.48027,126.930862,37.481171,126.931997
111,37.48072,126.932565,37.48027,126.931997,37.481171,126.933133
112,37.48072,126.9337,37.48027,126.933133,37.481171,126.934268
113,37.48072,126.934836,37.48027,126.934268,37.481171,126.935404
114,37.48072,126.935971,37.48027,126.935404,37.481171,126.936539
115,37.48072,126.937107,37.48027,126.936539,37.481171,126.937674
116,37.48072,126.938242,37.48027,126.937674,37.481171,126.93881
117,37.48072,126.939378,37.48027,126.93881,37.481171,126.939945
118,37.48072,126.940513,37.48027,126.939945,37.481171,126.941081
119,37.48072,126.941649,37.48027,126.941081,37.481171,126.942216
120,37.48072,126.942784,37.48027,126.942216,37.481171,126.943352
121,37.48072,126.943919,37.48027,126.943352,37.481171,126.944487
122,37.48072,126.945055,37.48027,126.944487,37.481171,126.945623
123,37.48072,126.94619,37.48027,126.945623,37.481171,126.946758
124,37.48072,126.947326,37.48027,126.946758,37.481171,126.947894
125,37.48072,126.948461,37.48027,126.947894,37.481171,126.949029
126,37.48072,126.949597,37.48027,126.949029,37.481171,126.950164
127,37.48072,126.950732,37.48027,126.950164,37.481171,126.9513
128,37.48072,126.951868,37.48027,126.9513,37.481171,126.952435
129,37.48072,126.953003,37.48027,126.952435,37.481171,126.953571
130,37.481621,126.905314,37.481171,126.904746,37.482072,126.905882
131,37.481621,126.906449,37.481171,126.905882,37.482072,126.907017
132,37.481621,126.907585,37.481171,126.907017,37.482072,126.908153
133,37.481621,126.90872,37.481171,126.908153,37.482072,126.909288
134,37.481621,126.909856,37.481171,126.909288,37.482072,126.910424
135,37.481621,126.910991,37.481171,126.910424,37.482072,126.911559
136,37.481621,126.912127,37.481171,126.911559,37.482072,126.912694
137,37.481621,126.913262,37.481171,126.912694,37.482072,126.91383
138,37.481621,126.914398,37.481171,126.91383,37.482072,126.914965
139,37.481621,126.915533,37.481171,126.914965,37.482072,126.916101
140,37.481621,126.916669,37.481171,126.916101,37.482072,126.917236
141,37.481621,126.917804,37.481171,126.917236,37.482072,126.918372
142,37.481621,126.918939,37.481171,126.918372,37.482072,126.919507
143,37.481621,126.920075,37.481171,126.919507,37.482072,126.920643
144,37.481621,126.92121,37.481171,126.920643,37.482072,126.921778
145,37.481621,126.922346,37.481171,126.921778,37.482072,126.922914
146,37.481621,126.923481,37.481171,126.922914,37.482072,126.924049
147,37.481621,126.924617,37.481171,126.924049,37.482072,126.925184
148,37.481621,126.925752,37.481171,126.925184,37.482072,126.92632
149,37.481621,126.926888,37.481171,126.92632,37.482072,126.927455
150,37.481621,126.928023,37.481171,126.927455,37.482072,126.928591
151,37.481621,126.929159,37.481171,126.928591,37.482072,126.929726
152,37.481621,126.930294,37.481171,126.929726,37.482072,126.930862
153,37.481621,126.931429,37.481171,126.930862,37.482072,126.931997
154,37.481621,126.932565,37.481171,126.931997,37.482072,126.933133
155,37.481621,126.9337,37.481171,126.933133,37.482072,126.934268
156,37.481621,126.934836,37.481171,126.934268,37.482072,126.935404
157,37.481621,126.935971,37.481171,126.935404,37.482072,126.936539
158,37.481621,126.937107,37.481171,126.936539,37.482072,126.937674
159,37.481621,126.938242,37.481171,126.937674,37.482072,126.93881
160,37.481621,126.939378,37.481171,126.93881,37.482072,126.939945
161,37.481621,126.940513,37.481171,126.939945,37.482072,126.941081
162,37.481621,126.941649,37.481171,126.941081,37.482072,126.942216
163,37.481621,126.942784,37.481171,126.942216,37.482072,126.943352
164,37.481621,126.943919,37.481171,126.943352,37.482072,126.944487
165,37.481621,126.945055,37.481171,126.944487,37.482072,126.945623
166,37.481621,126.94619,37.481171,126.945623,37.482072,126.946758
167,37.481621,126.947326,37.481171,126.946758,37.482072,126.947894
168,37.481621,126.948461,37.481171,126.947894,37.482072,126.949029
169,37.481621,126.949597,37.481171,126.949029,37.482072,126.950164
170,37.481621,126.950732,37.481171,126.950164,37.482072,126.9513
171,37.481621,126.951868,37.481171,126.9513,37.482072,126.952435
172,37.481621,126.953003,37.481171,126.952435,37.482072,126.953571
173,37.482522,126.905314,37.482072,126.904746,37.482973,126.905882
174,37.482522,126.906449,37.482072,126.905882,37.482973,126.907017
175,37.482522,126.907585,37.482072,126.907017,37.482973,126.908153
176,37.482522,126.90872,37.482072,126.908153,37.482973,126.909288
177,37.482522,126.909856,37.482072,126.909288,37.482973,126.910424
178,37.482522,126.910991,37.482072,126.910424,37.482973,126.911559
179,37.482522,126.912127,37.482072,126.911559,37.482973,126.912694
180,37.482522,126.913262,37.482072,126.912694,37.482973,126.91383
181,37.482522,126.914398,37.482072,126.91383,37.482973,126.914965
182,37.482522,126.915533,37.482072,126.914965,37.482973,126.916101
183,37.482522,126.916669,37.482072,126.916101,37.482973,126.917236
184,37.482522,126.917804,37.482072,126.917236,37.482973,126.918372
185,37.482522,126.918939,37.482072,126.918372,37.482973,126.919507
186,37.482522,126.920075,37.482072,126.919507,37.482973,126.920643
187,37.482522,126.92121,37.482072,126.920643,37.482973,126.921778
188,37.482522,126.922346,37.482072,126.921778,37.482973,126.922914
189,37.482522,126.923481,37.482072,126.922914,37.482973,126.924049
190,37.482522,126.924617,37.482072,126.924049,37.482973,126.925184
191,37.482522,126.925752,37.482072,126.925184,37.482973,126.92632
192,37.482522,126.926888,37.482072,126.92632,37.482973,126.927455
193,37.482522,126.928023,37.482072,126.927455,37.482973,126.928591
194,37.482522,126.929159,37.482072,126.928591,37.482973,126.929726
195,37.482522,126.930294,37.482072,126.929726,37.482973,126.930862
196,37.482522,126.931429,37.482072,126.930862,37.482973,126.931997
197,37.482522,126.932565,37.482072,126.931997,37.482973,126.933133
198,37.482522,126.9337,37.482072,126.933133,37.482973,126.934268
199,37.482522,126.934836,37.482072,126.934268,37.482973,126.935404
200,37.482522,126.935971,37.482072,126.935404,37.482973,126.936539
201,37.482522,126.937107,37.482072,126.936539,37.482973,126.937674
202,37.482522,126.938242,37.482072,126.937674,37.482973,126.93881
203,37.482522,126.939378,37.482072,126.93881,37.482973,126.939945
204,37.482522,126.940513,37.482072,126.939945,37.482973,126.941081
205,37.482522,126.941649,37.482072,126.941081,37.482973,126.942216
206,37.482522,126.942784,37.482072,126.942216,37.482973,126.943352
207,37.482522,126.943919,37.482072,126.943352,37.482973,126.944487
208,37.482522,126.945055,37.482072,126.944487,37.482973,126.945623
209,37.482522,126.94619,37.482072,126.945623,37.482973,126.946758
210,37.482522,126.947326,37.482072,126.946758,37.482973,126.947894
211,37.482522,126.948461,37.482072,126.947894,37.482973,126.949029
212,37.482522,126.949597,37.482072,126.949029,37.482973,126.950164
213,37.482522,126.950732,37.482072,126.950164,37.482973,126.9513
214,37.482522,126.951868,37.482072,126.9513,37.482973,126.952435
215,37.482522,126.953003,37.482072,126.952435,37.482973,126.953571
216,37.483423,126.905314,37.482973,126.904746,37.483874,126.905882
217,37.483423,126.906449,37.482973,126.905882,37.483874,126.907017
218,37.483423,126.907585,37.482973,126.907017,37.483874,126.908153
219,37.483423,126.90872,37.482973,126.908153,37.483874,126.909288
220,37.483423,126.909856,37.482973,126.909288,37.483874,126.910424
221,37.483423,126.910991,37.482973,126.910424,37.483874,126.911559
222,37.483423,126.912127,37.482973,126.911559,37.483874,126.912694
223,37.483423,126.913262,37.482973,126.912694,37.483874,126.91383
224,37.483423,126.914398,37.482973,126.91383,37.483874,126.914965
225,37.483423,126.915533,37.482973,126.914965,37.483874,126.916101
226,37.483423,126.916669,37.482973,126.916101,37.483874,126.917236
227,37.483423,126.917804,37.482973,126.917236,37.483874,126.918372
228,37.483423,126.918939,37.482973,126.918372,37.483874,126.919507
229,37.483423,126.920075,37.482973,126.919507,37.483874,126.920643
230,37.483423,126.92121,37.482973,126.920643,37.483874,126.921778
231,37.483423,126.922346,37.482973,126.921778,37.483874,126.922914
232,37.483423,126.923481,37.482973,126.922914,37.483874,126.924049
233,37.483423,126.924617,37.482973,126.924049,37.483874,126.925184
234,37.483423,126.925752,37.482973,126.925184,37.483874,126.92632
235,37.483423,126.926888,37.482973,126.92632,37.483874,126.927455
236,37.483423,126.928023,37.482973,126.927455,37.483874,126.928591
237,37.483423,126.929159,37.482973,126.928591,37.483874,126.929726
238,37.483423,126.930294,37.482973,126.929726,37.483874,126.930862
239,37.483423,126.931429,37.482973,126.930862,37.483874,126.931997
240,37.483423,126.932565,37.482973,126.931997,37.483874,126.933133
241,37.483423,126.9337,37.482973,126.933133,37.483874,126.934268
242,37.483423,126.934836,37.482973,126.934268,37.483874,126.935404
243,37.483423,126.935971,37.482973,126.935404,37.483874,126.936539
244,37.483423,126.937107,37.482973,126.936539,37.483874,126.937674
245,37.483423,126.938242,37.482973,126.937674,37.483874,126.93881
246,37.483423,126.939378,37.482973,126.93881,37.483874,126.939945
247,37.483423,126.940513,37.482973,126.939945,37.483874,126.941081
248,37.483423,126.941649,37.482973,126.941081,37.483874,126.942216
249,37.483423,126.942784,37.482973,126.942216,37.483874,126.943352
250,37.483423,126.943919,37.482973,126.943352,37.483874,126.944487
251,37.483423,126.945055,37.482973,126.944487,37.483874,126.945623
252,37.483423,126.94619,37.482973,126.945623,37.483874,126.946758
253,37.483423,126.947326,37.482973,126.946758,37.483874,126.947894
254,37.483423,126.948461,37.482973,126.947894,37.483874,126.949029
255,37.483423,126.949597,37.482973,126.949029,37.483874,126.950164
256,37.483423,126.950732,37.482973,126.950164,37.483874,126.9513
257,37.483423,126.951868,37.482973,126.9513,37.483874,126.952435
258,37.483423,126.953003,37.482973,126.952435,37.483874,126.953571
259,37.484324,126.904179,37.483874,126.903611,37.484775,126.904746
260,37.484324,126.905314,37.483874,126.904746,37.484775,126.905882
261,37.484324,126.906449,37.483874,126.905882,37.484775,126.907017
262,37.484324,126.907585,37.483874,126.907017,37.484775,126.908153
263,37.484324,126.90872,37.483874,126.908153,37.484775,126.909288
264,37.484324,126.909856,37.483874,126.909288,37.484775,126.910424
265,37.484324,126.910991,37.483874,126.910424,37.484775,126.911559
266,37.484324,126.912127,37.483874,126.911559,37.484775,126.912694
267,37.484324,126.913262,37.483874,126.912694,37.484775,126.91383
268,37.484324,126.914398,37.483874,126.91383,37.484775,126.914965
269,37.484324,126.915533,37.483874,126.914965,37.484775,126.916101
270,37.484324,126.916669,37.483874,126.916101,37.484775,126.917236
271,37.484324,126.917804,37.483874,126.917236,37.484775,126.918372
272,37.484324,126.918939,37.483874,126.918372,37.484775,126.919507
273,37.484324,126.920075,37.483874,126.919507,37.484775,126.920643
274,37.484324,126.92121,37.483874,126.920643,37.484775,126.921778
275,37.484324,126.922346,37.483874,126.921778,37.484775,126.922914
276,37.484324,126.923481,37.483874,126.922914,37.484775,126.924049
277,37.484324,126.924617,37.483874,126.924049,37.484775,126.925184
278,37.484324,126.925752,37.483874,126.925184,37.484775,126.92632
279,37.484324,126.926888,37.483874,126.92632,37.484775,126.927455
280,37.484324,126.928023,37.483874,126.927455,37.484775,126.928591
281,37.484324,126.929159,37.483874,126.928591,37.484775,126.929726
282,37.484324,126.930294,37.483874,126.929726,37.484775,126.930862
283,37.484324,126.931429,37.483874,126.930862,37.484775,126.931997
284,37.484324,126.932565,37.483874,126.931997,37.484775,126.933133
285,37.484324,126.9337,37.483874,126.933133,37.484775,126.934268
286,37.484324,126.934836,37.483874,126.934268,37.484775,126.935404
287,37.484324,126.935971,37.483874,126.935404,37.484775,126.936539
288,37.484324,126.937107,37.483874,126.936539,37.484775,126.937674
289,37.484324,126.938242,37.483874,126.937674,37.484775,126.93881
290,37.484324,126.939378,37.483874,126.93881,37.484775,126.939945
291,37.484324,126.940513,37.483874,126.939945,37.484775,126.941081
292,37.484324,126.941649,37.483874,126.941081,37.484775,126.942216
293,37.484324,126.942784,37.483874,126.942216,37.484775,126.943352
294,37.484324,126.943919,37.483874,126.943352,37.484775,126.944487
295,37.484324,126.945055,37.483874,126.944487,37.484775,126.945623
296,37.484324,126.94619,37.483874,126.945623,37.484775,126.946758
297,37.484324,126.947326,37.483874,126.946758,37.484775,126.947894
298,37.484324,126.948461,37.483874,126.947894,37.484775,126.949029
299,37.484324,126.949597,37.483874,126.949029,37.484775,126.950164
300,37.484324,126.950732,37.483874,126.950164,37.484775,126.9513
301,37.484324,126.951868,37.483874,126.9513,37.484775,126.952435
302,37.484324,126.953003,37.483874,126.952435,37.484775,126.953571
303,37.485225,126.904179,37.484775,126.903611,37.485675,126.904746
304,37.485225,126.905314,37.484775,126.904746,37.485675,126.905882
305,37.485225,126.906449,37.484775,126.905882,37.485675,126.907017
306,37.485225,126.907585,37.484775,126.907017,37.485675,126.908153
307,37.485225,126.90872,37.484775,126.908153,37.485675,126.909288
308,37.485225,126.909856,37.484775,126.909288,37.485675,126.910424
309,37.485225,126.910991,37.484775,126.910424,37.485675,126.911559
310,37.485225,126.912127,37.484775,126.911559,37.485675,126.912694
311,37.485225,126.913262,37.484775,126.912694,37.485675,126.91383
312,37.485225,126.914398,37.484775,126.91383,37.485675,126.914965
313,37.485225,126.915533,37.484775,126.914965,37.485675,126.916101
314,37.485225,126.916669,37.484775,126.916101,37.485675,126.917236
315,37.485225,126.917804,37.484775,126.917236,37.485675,126.918372
316,37.485225,126.918939,37.484775,126.918372,37.485675,126.919507
317,37.485225,126.920075,37.484775,126.919507,37.485675,126.920643
318,37.485225,126.92121,37.484775,126.920643,37.485675,126.921778
319,37.485225,126.922346,37.484775,126.921778,37.485675,126.922914
320,37.485225,126.925752,37.484775,126.925184,37.485675,126.92632
321,37.485225,126.926888,37.484775,126.92632,37.485675,126.927455
322,37.485225,126.928023,37.484775,126.927455,37.485675,126.928591
323,37.485225,126.929159,37.484775,126.928591,37.485675,126.929726
324,37.485225,126.930294,37.484775,126.929726,37.485675,126.930862
325,37.485225,126.931429,37.484775,126.930862,37.485675,126.931997
326,37.485225,126.932565,37.484775,126.931997,37.485675,126.933133
327,37.485225,126.9337,37.484775,126.933133,37.485675,126.934268
328,37.485225,126.934836,37.484775,126.934268,37.485675,126.935404
329,37.485225,126.935971,37.484775,126.935404,37.485675,126.936539
330,37.485225,126.937107,37.484775,126.936539,37.485675,126.937674
331,37.485225,126.938242,37.484775,126.937674,37.485675,126.93881
332,37.485225,126.939378,37.484775,126.93881,37.485675,126.939945
333,37.485225,126.940513,37.484775,126.939945,37.485675,126.941081
334,37.485225,126.941649,37.484775,126.941081,37.485675,126.942216
335,37.485225,126.942784,37.484775,126.942216,37.485675,126.943352
336,37.485225,126.943919,37.484775,126.943352,37.485675,126.944487
337,37.485225,126.945055,37.484775,126.944487,37.485675,126.945623
338,37.485225,126.94619,37.484775,126.945623,37.485675,126.946758
339,37.485225,126.947326,37.484775,126.946758,37.485675,126.947894
340,37.485225,126.948461,37.484775,126.947894,37.485675,126.949029
341,37.485225,126.949597,37.484775,126.949029,37.485675,126.950164
342,37.485225,126.950732,37.484775,126.950164,37.485675,126.9513
343,37.485225,126.951868,37.484775,126.9513,37.485675,126.952435
344,37.485225,126.953003,37.484775,126.952435,37.485675,126.953571
345,37.486126,126.904179,37.485675,126.903611,37.486576,126.904746
346,37.486126,126.905314,37.485675,126.904746,37.486576,126.905882
347,37.486126,126.906449,37.485675,126.905882,37.486576,126.907017
348,37.486126,126.907585,37.485675,126.907017,37.486576,126.908153
349,37.486126,126.90872,37.485675,126.908153,37.486576,126.909288
350,37.486126,126.909856,37.485675,126.909288,37.486576,126.910424
351,37.486126,126.910991,37.485675,126.910424,37.486576,126.911559
352,37.486126,126.912127,37.485675,126.911559,37.486576,126.912694
353,37.486126,126.913262,37.485675,126.912694,37.486576,126.91383
354,37.486126,126.914398,37.485675,126.91383,37.486576,126.914965
355,37.486126,126.915533,37.485675,126.914965,37.486576,126.916101
356,37.486126,126.916669,37.485675,126.916101,37.486576,126.917236
357,37.486126,126.917804,37.485675,126.917236,37.486576,126.918372
358,37.486126,126.918939,37.485675,126.918372,37.486576,126.919507
359,37.486126,126.920075,37.485675,126.919507,37.486576,126.920643
360,37.486126,126.92121,37.485675,126.920643,37.486576,126.921778
361,37.486126,126.922346,37.485675,126.921778,37.486576,126.922914
362,37.486126,126.925752,37.485675,126.925184,37.486576,126.92632
363,37.486126,126.926888,37.485675,126.92632,37.486576,126.927455
364,37.486126,126.928023,37.485675,126.927455,37.486576,126.928591
365,37.486126,126.929159,37.485675,126.928591,37.486576,126.929726
366,37.486126,126.930294,37.485675,126.929726,37.486576,126.930862
367,37.486126,126.931429,37.485675,126.930862,37.486576,126.931997
368,37.486126,126.932565,37.485675,126.931997,37.486576,126.933133
369,37.486126,126.9337,37.485675,126.933133,37.486576,126.934268
370,37.486126,126.934836,37.485675,126.934268,37.486576,126.935404
371,37.486126,126.935971,37.485675,126.935404,37.486576,126.936539
372,37.486126,126.937107,37.485675,126.936539,37.486576,126.937674
373,37.486126,126.938242,37.485675,126.937674,37.486576,126.93881
374,37.486126,126.939378,37.485675,126.93881,37.486576,126.939945
375,37.486126,126.940513,37.485675,126.939945,37.486576,126.941081
376,37.486126,126.941649,37.485675,126.941081,37.486576,126.942216
377,37.486126,126.942784,37.485675,126.942216,37.486576,126.943352
378,37.486126,126.943919,37.485675,126.943352,37.486576,126.944487
379,37.486126,126.945055,37.485675,126.944487,37.486576,126.945623
380,37.486126,126.94619,37.485675,126.945623,37.486576,126.946758
381,37.486126,126.947326,37.485675,126.946758,37.486576,126.947894
382,37.486126,126.948461,37.485675,126.947894,37.486576,126.949029
383,37.486126,126.949597,37.485675,126.949029,37.486576,126.950164
384,37.486126,126.950732,37.485675,126.950164,37.486576,126.9513
385,37.486126,126.951868,37.485675,126.9513,37.486576,126.952435
386,37.486126,126.953003,37.485675,126.952435,37.486576,126.953571
387,37.487027,126.904179,37.486576,126.903611,37.487477,126.904746
388,37.487027,126.905314,37.486576,126.904746,37.487477,126.905882
389,37.487027,126.906449,37.486576,126.905882,37.487477,126.907017
390,37.487027,126.907585,37.486576,126.907017,37.487477,126.908153
391,37.487027,126.90872,37.486576,126.908153,37.487477,126.909288
392,37.487027,126.909856,37.486576,126.909288,37.487477,126.910424
393,37.487027,126.910991,37.486576,126.910424,37.487477,126.911559
394,37.487027,126.912127,37.486576,126.911559,37.487477,126.912694
395,37.487027,126.913262,37.486576,126.912694,37.487477,126.91383
396,37.487027,126.914398,37.486576,126.91383,37.487477,126.914965
397,37.487027,126.915533,37.486576,126.914965,37.487477,126.916101
398,37.487027,126.916669,37.486576,126.916101,37.487477,126.917236
399,37.487027,126.917804,37.486576,126.917236,37.487477,126.918372
400,37.487027,126.918939,37.486576,126.918372,37.487477,126.919507
401,37.487027,126.920075,37.486576,126.919507,37.487477,126.920643
402,37.487027,126.92121,37.486576,126.920643,37.487477,126.921778
403,37.487027,126.922346,37.486576,126.921778,37.487477,126.922914
404,37.487027,126.923481,37.486576,126.922914,37.487477,126.924049
405,37.487027,126.924617,37.486576,126.924049,37.487477,126.925184
406,37.487027,126.925752,37.486576,126.925184,37.487477,126.92632
407,37.487027,126.926888,37.486576,126.92632,37.487477,126.927455
408,37.487027,126.928023,37.486576,126.927455,37.487477,126.928591
409,37.487027,126.929159,37.486576,126.928591,37.487477,126.929726
410,37.487027,126.930294,37.486576,126.929726,37.487477,126.930862
411,37.487027,126.931429,37.486576,126.930862,37.487477,126.931997
412,37.487027,126.932565,37.486576,126.931997,37.487477,126.933133
413,37.487027,126.9337,37.486576,126.933133,37.487477,126.934268
414,37.487027,126.934836,37.486576,126.934268,37.487477,126.935404
415,37.487027,126.935971,37.486576,126.935404,37.487477,126.936539
416,37.487027,126.937107,37.486576,126.936539,37.487477,126.937674
417,37.487027,126.938242,37.486576,126.937674,37.487477,126.93881
418,37.487027,126.939378,37.486576,126.93881,37.487477,126.939945
419,37.487027,126.940513,37.486576,126.939945,37.487477,126.941081
420,37.487027,126.941649,37.486576,126.941081,37.487477,126.942216
421,37.487027,126.942784,37.486576,126.942216,37.487477,126.943352
422,37.487027,126.943919,37.486576,126.943352,37.487477,126.944487
423,37.487027,126.945055,37.486576,126.944487,37.487477,126.945623
424,37.487027,126.94619,37.486576,126.945623,37.487477,126.946758
425,37.487027,126.947326,37.486576,126.946758,37.487477,126.947894
426,37.487027,126.948461,37.486576,126.947894,37.487477,126.949029
427,37.487027,126.949597,37.486576,126.949029,37.487477,126.950164
428,37.487027,126.950732,37.486576,126.950164,37.487477,126.9513
429,37.487027,126.951868,37.486576,126.9513,37.487477,126.952435
430,37.487027,126.953003,37.486576,126.952435,37.487477,126.953571
431,37.487928,126.904179,37.487477,126.903611,37.488378,126.904746
432,37.487928,126.905314,37.487477,126.904746,37.488378,126.905882
433,37.487928,126.906449,37.487477,126.905882,37.488378,126.907017
434,37.487928,126.907585,37.487477,126.907017,37.488378,126.908153
435,37.487928,126.90872,37.487477,126.908153,37.488378,126.909288
436,37.487928,126.909856,37.487477,126.909288,37.488378,126.910424
437,37.487928,126.910991,37.487477,126.910424,37.488378,126.911559
438,37.487928,126.912127,37.487477,126.911559,37.488378,126.912694
439,37.487928,126.913262,37.487477,126.912694,37.488378,126.91383
440,37.487928,126.914398,37.487477,126.91383,37.488378,126.914965
441,37.487928,126.915533,37.487477,126.914965,37.488378,126.916101
442,37.487928,126.916669,37.487477,126.916101,37.488378,126.917236
443,37.487928,126.917804,37.487477,126.917236,37.488378,126.918372
444,37.487928,126.918939,37.487477,126.918372,37.488378,126.919507
445,37.487928,126.920075,37.487477,126.919507,37.488378,126.920643
446,37.487928,126.923481,37.487477,126.922914,37.488378,126.924049
447,37.487928,126.924617,37.487477,126.924049,37.488378,126.925184
448,37.487928,126.925752,37.487477,126.925184,37.488378,126.92632
449,37.487928,126.926888,37.487477,126.92632,37.488378,126.927455
450,37.487928,126.928023,37.487477,126.927455,37.488378,126.928591
451,37.487928,126.929159,37.487477,126.928591,37.488378,126.929726
452,37.487928,126.930294,37.487477,126.929726,37.488378,126.930862
453,37.487928,126.931429,37.487477,126.930862,37.488378,126.931997
454,37.487928,126.932565,37.487477,126.931997,37.488378,126.933133
455,37.487928,126.9337,37.487477,126.933133,37.488378,126.934268
456,37.487928,126.934836,37.487477,126.934268,37.488378,126.935404
457,37.487928,126.935971,37.487477,126.935404,37.488378,126.936539
458,37.487928,126.937107,37.487477,126.936539,37.488378,126.937674
459,37.487928,126.938242,37.487477,126.937674,37.488378,126.93881
460,37.487928,126.939378,37.487477,126.93881,37.488378,126.939945
461,37.487928,126.940513,37.487477,126.939945,37.488378,126.941081
462,37.487928,126.941649,37.487477,126.941081,37.488378,126.942216
463,37.487928,126.942784,37.487477,126.942216,37.488378,126.943352
464,37.487928,126.943919,37.487477,126.943352,37.488378,126.944487
465,37.487928,126.945055,37.487477,126.944487,37.488378,126.945623
466,37.487928,126.94619,37.487477,126.945623,37.488378,126.946758
467,37.487928,126.947326,37.487477,126.946758,37.488378,126.947894
468,37.487928,126.948461,37.487477,126.947894,37.488378,126.949029
469,37.487928,126.949597,37.487477,126.949029,37.488378,126.950164
470,37.487928,126.950732,37.487477,126.950164,37.488378,126.9513
471,37.487928,126.951868,37.487477,126.9513,37.488378,126.952435
472,37.488829,126.904179,37.488378,126.903611,37.489279,126.904746
473,37.488829,126.905314,37.488378,126.904746,37.489279,126.905882
474,37.488829,126.906449,37.488378,126.905882,37.489279,126.907017
475,37.488829,126.907585,37.488378,126.907017,37.489279,126.908153
476,37.488829,126.90872,37.488378,126.908153,37.489279,126.909288
477,37.488829,126.909856,37.488378,126.909288,37.489279,126.910424
478,37.488829,126.910991,37.488378,126.910424,37.489279,126.911559
479,37.488829,126.912127,37.488378,126.911559,37.489279,126.912694
480,37.488829,126.913262,37.488378,126.912694,37.489279,126.91383
481,37.488829,126.914398,37.488378,126.91383,37.489279,126.914965
482,37.488829,126.915533,37.488378,126.914965,37.489279,126.916101
483,37.488829,126.916669,37.488378,126.916101,37.489279,126.917236
484,37.488829,126.917804,37.488378,126.917236,37.489279,126.918372
485,37.488829,126.918939,37.488378,126.918372,37.489279,126.919507
486,37.488829,126.920075,37.488378,126.919507,37.489279,126.920643
487,37.488829,126.923481,37.488378,126.922914,37.489279,126.924049
488,37.488829,126.924617,37.488378,126.924049,37.489279,126.925184
489,37.488829,126.925752,37.488378,126.925184,37.489279,126.92632
490,37.488829,126.926888,37.488378,126.92632,37.489279,126.927455
491,37.488829,126.928023,37.488378,126.927455,37.489279,126.928591
492,37.488829,126.929159,37.488378,126.928591,37.489279,126.929726
493,37.488829,126.930294,37.488378,126.929726,37.489279,126.930862
494,37.488829,126.931429,37.488378,126.930862,37.489279,126.931997
495,37.488829,126.932565,37.488378,126.931997,37.489279,126.933133
496,37.488829,126.9337,37.488378,126.933133,37.489279,126.934268
497,37.488829,126.934836,37.488378,126.934268,37.489279,126.935404
498,37.488829,126.935971,37.488378,126.935404,37.489279,126.936539
499,37.488829,126.937107,37.488378,126.936539,37.489279,126.937674
500,37.488829,126.938242,37.488378,126.937674,37.489279,126.93881
501,37.488829,126.939378,37.488378,126.93881,37.489279,126.939945
502,37.488829,126.940513,37.488378,126.939945,37.489279,126.941081
503,37.488829,126.941649,37.488378,126.941081,37.489279,126.942216
504,37.488829,126.942784,37.488378,126.942216,37.489279,126.943352
505,37.488829,126.943919,37.488378,126.943352,37.489279,126.944487
506,37.488829,126.945055,37.488378,126.944487,37.489279,126.945623
507,37.488829,126.94619,37.488378,126.945623,37.489279,126.946758
508,37.488829,126.947326,37.488378,126.946758,37.489279,126.947894
509,37.488829,126.948461,37.488378,126.947894,37.489279,126.949029
510,37.488829,126.949597,37.488378,126.949029,37.489279,126.950164
511,37.488829,126.950732,37.488378,126.950164,37.489279,126.9513
512,37.488829,126.951868,37.488378,126.9513,37.489279,126.952435
513,37.489729,126.904179,37.489279,126.903611,37.49018,126.904746
514,37.489729,126.905314,37.489279,126.904746,37.49018,126.905882
515,37.489729,126.906449,37.489279,126.905882,37.49018,126.907017
516,37.489729,126.907585,37.489279,126.907017,37.49018,126.908153
517,37.489729,126.90872,37.489279,126.908153,37.49018,126.909288
518,37.489729,126.909856,37.489279,126.909288,37.49018,126.910424
519,37.489729,126.910991,37.489279,126.910424,37.49018,126.911559
520,37.489729,126.912127,37.489279,126.911559,37.49018,126.912694
521,37.489729,126.913262,37.489279,126.912694,37.49018,126.91383
522,37.489729,126.914398,37.489279,126.91383,37.49018,126.914965
523,37.489729,126.915533,37.489279,126.914965,37.49018,126.916101
524,37.489729,126.916669,37.489279,126.916101,37.49018,126.917236
525,37.489729,126.917804,37.489279,126.917236,37.49018,126.918372
526,37.489729,126.918939,37.489279,126.918372,37.49018,126.919507
527,37.489729,126.920075,37.489279,126.919507,37.49018,126.920643
528,37.489729,126.92121,37.489279,126.920643,37.49018,126.921778
529,37.489729,126.922346,37.489279,126.921778,37.49018,126.922914
530,37.489729,126.923481,37.489279,126.922914,37.49018,126.924049
531,37.489729,126.924617,37.489279,126.924049,37.49018,126.925184
532,37.489729,126.925752,37.489279,126.925184,37.49018,126.92632
533,37.489729,126.926888,37.489279,126.92632,37.49018,126.927455
534,37.489729,126.928023,37.489279,126.927455,37.49018,126.928591
535,37.489729,126.929159,37.489279,126.928591,37.49018,126.929726
536,37.489729,126.930294,37.489279,126.929726,37.49018,126.930862
537,37.489729,126.931429,37.489279,126.930862,37.49018,126.931997
538,37.489729,126.932565,37.489279,126.931997,37.49018,126.933133
539,37.489729,126.9337,37.489279,126.933133,37.49018,126.934268
540,37.489729,126.934836,37.489279,126.934268,37.49018,126.935404
541,37.489729,126.935971,37.489279,126.935404,37.49018,126.936539
542,37.489729,126.937107,37.489279,126.936539,37.49018,126.937674
543,37.489729,126.938242,37.489279,126.937674,37.49018,126.93881
544,37.489729,126.939378,37.489279,126.93881,37.49018,126.939945
545,37.489729,126.940513,37.489279,126.939945,37.49018,126.941081
546,37.489729,126.941649,37.489279,126.941081,37.49018,126.942216
547,37.489729,126.942784,37.489279,126.942216,37.49018,126.943352
548,37.489729,126.943919,37.489279,126.943352,37.49018,126.944487
549,37.489729,126.945055,37.489279,126.944487,37.49018,126.945623
550,37.489729,126.94619,37.489279,126.945623,37.49018,126.946758
551,37.489729,126.947326,37.489279,126.946758,37.49018,126.947894
552,37.489729,126.948461,37.489279,126.947894,37.49018,126.949029
553,37.489729,126.949597,37.489279,126.949029,37.49018,126.950164
554,37.489729,126.950732,37.489279,126.950164,37.49018,126.9513
555,37.489729,126.951868,37.489279,126.9513,37.49018,126.952435
556,37.49063,126.904179,37.49018,126.903611,37.491081,126.904746
557,37.49063,126.905314,37.49018,126.904746,37.491081,126.905882
558,37.49063,126.906449,37.49018,126.905882,37.491081,126.907017
559,37.49063,126.907585,37.49018,126.907017,37.491081,126.908153
560,37.49063,126.90872,37.49018,126.908153,37.491081,126.909288
561,37.49063,126.909856,37.49018,126.909288,37.491081,126.910424
562,37.49063,126.910991,37.49018,126.910424,37.491081,126.911559
563,37.49063,126.912127,37.49018,126.911559,37.491081,126.912694
564,37.49063,126.913262,37.49018,126.912694,37.491081,126.91383
565,37.49063,126.914398,37.49018,126.91383,37.491081,126.914965
566,37.49063,126.915533,37.49018,126.914965,37.491081,126.916101
567,37.49063,126.916669,37.49018,126.916101,37.491081,126.917236
568,37.49063,126.917804,37.49018,126.917236,37.491081,126.918372
569,37.49063,126.918939,37.49018,126.918372,37.491081,126.919507
570,37.49063,126.920075,37.49018,126.919507,37.491081,126.920643
571,37.49063,126.92121,37.49018,126.920643,37.491081,126.921778
572,37.49063,126.922346,37.49018,126.921778,37.491081,126.922914
573,37.49063,126.923481,37.49018,126.922914,37.491081,126.924049
574,37.49063,126.924617,37.49018,126.924049,37.491081,126.925184
575,37.49063,126.925752,37.49018,126.925184,37.491081,126.92632
576,37.49063,126.926888,37.49018,126.92632,37.491081,126.927455
577,37.49063,126.928023,37.49018,126.927455,37.491081,126.928591
578,37.49063,126.929159,37.49018,126.928591,37.491081,126.929726
579,37.49063,126.930294,37.49018,126.929726,37.491081,126.930862
580,37.49063,126.931429,37.49018,126.930862,37.491081,126.931997
581,37.49063,126.932565,37.49018,126.931997,37.491081,126.933133
582,37.49063,126.9337,37.49018,126.933133,37.491081,126.934268
583,37.49063,126.934836,37.49018,126.934268,37.491081,126.935404
584,37.49063,126.935971,37.49018,126.935404,37.491081,126.936539
585,37.49063,126.937107,37.49018,126.936539,37.491081,126.937674
586,37.49063,126.938242,37.49018,126.937674,37.491081,126.93881
587,37.49063,126.939378,37.49018,126.93881,37.491081,126.939945
588,37.49063,126.940513,37.49018,126.939945,37.491081,126.941081
589,37.49063,126.941649,37.49018,126.941081,37.491081,126.942216
590,37.49063,126.942784,37.49018,126.942216,37.491081,126.943352
591,37.49063,126.943919,37.49018,126.943352,37.491081,126.944487
592,37.49063,126.945055,37.49018,126.944487,37.491081,126.945623
593,37.49063,126.94619,37.49018,126.945623,37.491081,126.946758
594,37.49063,126.947326,37.49018,126.946758,37.491081,126.947894
595,37.49063,126.948461,37.49018,126.947894,37.491081,126.949029
596,37.49063,126.949597,37.49018,126.949029,37.491081,126.950164
597,37.49063,126.950732,37.49018,126.950164,37.491081,126.9513
598,37.49063,126.951868,37.49018,126.9513,37.491081,126.952435
599,37.491531,126.904179,37.491081,126.903611,37.491982,126.904746
600,37.491531,126.905314,37.491081,126.904746,37.491982,126.905882
601,37.491531,126.906449,37.491081,126.905882,37.491982,126.907017
602,37.491531,126.907585,37.491081,126.907017,37.491982,126.908153
603,37.491531,126.90872,37.491081,126.908153,37.491982,126.909288
604,37.491531,126.909856,37.491081,126.909288,37.491982,126.910424
605,37.491531,126.910991,37.491081,126.910424,37.491982,126.911559
606,37.491531,126.912127,37.491081,126.911559,37.491982,126.912694
607,37.491531,126.913262,37.491081,126.912694,37.491982,126.91383
608,37.491531,126.914398,37.491081,126.91383,37.491982,126.914965
609,37.491531,126.915533,37.491081,126.914965,37.491982,126.916101
610,37.491531,126.918939,37.491081,126.918372,37.491982,126.919507
611,37.491531,126.920075,37.491081,126.919507,37.491982,126.920643
612,37.491531,126.92121,37.491081,126.920643,37.491982,126.921778
613,37.491531,126.922346,37.491081,126.921778,37.491982,126.922914
614,37.491531,126.923481,37.491081,126.922914,37.491982,126.924049
615,37.491531,126.924617,37.491081,126.924049,37.491982,126.925184
616,37.491531,126.925752,37.491081,126.925184,37.491982,126.92632
617,37.491531,126.926888,37.491081,126.92632,37.491982,126.927455
618,37.491531,126.928023,37.491081,126.927455,37.491982,126.928591
619,37.491531,126.929159,37.491081,126.928591,37.491982,126.929726
620,37.491531,126.930294,37.491081,126.929726,37.491982,126.930862
621,37.491531,126.931429,37.491081,126.930862,37.491982,126.931997
622,37.491531,126.932565,37.491081,126.931997,37.491982,126.933133
623,37.491531,126.9337,37.491081,126.933133,37.491982,126.934268
624,37.491531,126.934836,37.491081,126.934268,37.491982,126.935404
625,37.491531,126.935971,37.491081,126.935404,37.491982,126.936539
626,37.491531,126.937107,37.491081,126.936539,37.491982,126.937674
627,37.491531,126.938242,37.491081,126.937674,37.491982,126.93881
628,37.491531,126.939378,37.491081,126.93881,37.491982,126.939945
629,37.491531,126.940513,37.491081,126.939945,37.491982,126.941081
630,37.491531,126.941649,37.491081,126.941081,37.491982,126.942216
631,37.491531,126.942784,37.491081,126.942216,37.491982,126.943352
632,37.491531,126.943919,37.491081,126.943352,37.491982,126.944487
633,37.491531,126.945055,37.491081,126.944487,37.491982,126.945623
634,37.491531,126.94619,37.491081,126.945623,37.491982,126.946758
635,37.491531,126.947326,37.491081,126.946758,37.491982,126.947894
636,37.491531,126.948461,37.491081,126.947894,37.491982,126.949029
637,37.491531,126.949597,37.491081,126.949029,37.491982,126.950164
638,37.491531,126.950732,37.491081,126.950164,37.491982,126.9513
639,37.491531,126.951868,37.491081,126.9513,37.491982,126.952435
640,37.492432,126.904179,37.491982,126.903611,37.492883,126.904746
641,37.492432,126.905314,37.491982,126.904746,37.492883,126.905882
642,37.492432,126.906449,37.491982,126.905882,37.492883,126.907017
643,37.492432,126.907585,37.491982,126.907017,37.492883,126.908153
644,37.492432,126.90872,37.491982,126.908153,37.492883,126.909288
645,37.492432,126.909856,37.491982,126.909288,37.492883,126.910424
646,37.492432,126.910991,37.491982,126.910424,37.492883,126.911559
647,37.492432,126.912127,37.491982,126.911559,37.492883,126.912694
648,37.492432,126.913262,37.491982,126.912694,37.492883,126.91383
649,37.492432,126.914398,37.491982,126.91383,37.492883,126.914965
650,37.492432,126.915533,37.491982,126.914965,37.492883,126.916101
651,37.492432,126.918939,37.491982,126.918372,37.492883,126.919507
652,37.492432,126.920075,37.491982,126.919507,37.492883,126.920643
653,37.492432,126.92121,37.491982,126.920643,37.492883,126.921778
654,37.492432,126.922346,37.491982,126.921778,37.492883,126.922914
655,37.492432,126.923481,37.491982,126.922914,37.492883,126.924049
656,37.492432,126.924617,37.491982,126.924049,37.492883,126.925184
657,37.492432,126.925752,37.491982,126.925184,37.492883,126.92632
658,37.492432,126.926888,37.491982,126.92632,37.492883,126.927455
659,37.492432,126.928023,37.491982,126.927455,37.492883,126.928591
660,37.492432,126.929159,37.491982,126.928591,37.492883,126.929726
661,37.492432,126.930294,37.491982,126.929726,37.492883,126.930862
662,37.492432,126.931429,37.491982,126.930862,37.492883,126.931997
663,37.492432,126.932565,37.491982,126.931997,37.492883,126.933133
664,37.492432,126.9337,37.491982,126.933133,37.492883,126.934268
665,37.492432,126.934836,37.491982,126.934268,37.492883,126.935404
666,37.492432,126.935971,37.491982,126.935404,37.492883,126.936539
667,37.492432,126.937107,37.491982,126.936539,37.492883,126.937674
668,37.492432,126.938242,37.491982,126.937674,37.492883,126.93881
669,37.492432,126.939378,37.491982,126.93881,37.492883,126.939945
670,37.492432,126.940513,37.491982,126.939945,37.492883,126.941081
671,37.492432,126.941649,37.491982,126.941081,37.492883,126.942216
672,37.492432,126.942784,37.491982,126.942216,37.492883,126.943352
673,37.492432,126.943919,37.491982,126.943352,37.492883,126.944487
674,37.492432,126.945055,37.491982,126.944487,37.492883,126.945623
675,37.492432,126.94619,37.491982,126.945623,37.492883,126.946758
676,37.492432,126.947326,37.491982,126.946758,37.492883,126.947894
677,37.492432,126.948461,37.491982,126.947894,37.492883,126.949029
678,37.492432,126.949597,37.491982,126.949029,37.492883,126.950164
679,37.492432,126.950732,37.491982,126.950164,37.492883,126.9513
680,37.492432,126.951868,37.491982,126.9513,37.492883,126.952435
681,37.493333,126.904179,37.492883,126.903611,37.493784,126.904746
682,37.493333,126.905314,37.492883,126.904746,37.493784,126.905882
683,37.493333,126.906449,37.492883,126.905882,37.493784,126.907017
684,37.493333,126.907585,37.492883,126.907017,37.493784,126.908153
685,37.493333,126.90872,37.492883,126.908153,37.493784,126.909288
686,37.493333,126.909856,37.492883,126.909288,37.493784,126.910424
687,37.493333,126.910991,37.492883,126.910424,37.493784,126.911559
688,37.493333,126.912127,37.492883,126.911559,37.493784,126.912694
689,37.493333,126.913262,37.492883,126.912694,37.493784,126.91383
690,37.493333,126.914398,37.492883,126.91383,37.493784,126.914965
691,37.493333,126.915533,37.492883,126.914965,37.493784,126.916101
692,37.493333,126.916669,37.492883,126.916101,37.493784,126.917236
693,37.493333,126.917804,37.492883,126.917236,37.493784,126.918372
694,37.493333,126.918939,37.492883,126.918372,37.493784,126.919507
695,37.493333,126.920075,37.492883,126.919507,37.493784,126.920643
696,37.493333,126.92121,37.492883,126.920643,37.493784,126.921778
697,37.493333,126.922346,37.492883,126.921778,37.493784,126.922914
698,37.493333,126.923481,37.492883,126.922914,37.493784,126.924049
699,37.493333,126.924617,37.492883,126.924049,37.493784,126.925184
700,37.493333,126.925752,37.492883,126.925184,37.493784,126.92632
701,37.493333,126.926888,37.492883,126.92632,37.493784,126.927455
702,37.493333,126.928023,37.492883,126.927455,37.493784,126.928591
703,37.493333,126.929159,37.492883,126.928591,37.493784,126.929726
704,37.493333,126.930294,37.492883,126.929726,37.493784,126.930862
705,37.493333,126.931429,37.492883,126.930862,37.493784,126.931997
706,37.493333,126.932565,37.492883,126.931997,37.493784,126.933133
707,37.493333,126.9337,37.492883,126.933133,37.493784,126.934268
708,37.493333,126.934836,37.492883,126.934268,37.493784,126.935404
709,37.493333,126.935971,37.492883,126.935404,37.493784,126.936539
710,37.493333,126.937107,37.492883,126.936539,37.493784,126.937674
711,37.493333,126.938242,37.492883,126.937674,37.493784,126.93881
712,37.493333,126.939378,37.492883,126.93881,37.493784,126.939945
713,37.493333,126.940513,37.492883,126.939945,37.493784,126.941081
714,37.493333,126.941649,37.492883,126.941081,37.493784,126.942216
715,37.493333,126.942784,37.492883,126.942216,37.493784,126.943352
716,37.493333,126.943919,37.492883,126.943352,37.493784,126.944487
717,37.493333,126.945055,37.492883,126.944487,37.493784,126.945623
718,37.493333,126.94619,37.492883,126.945623,37.493784,126.946758
719,37.493333,126.947326,37.492883,126.946758,37.493784,126.947894
720,37.493333,126.948461,37.492883,126.947894,37.493784,126.949029
721,37.493333,126.949597,37.492883,126.949029,37.493784,126.950164
722,37.493333,126.950732,37.492883,126.950164,37.493784,126.9513
723,37.493333,126.951868,37.492883,126.9513,37.493784,126.952435
724,37.494234,126.904179,37.493784,126.903611,37.494684,126.904746
725,37.494234,126.905314,37.493784,126.904746,37.494684,126.905882
726,37.494234,126.906449,37.493784,126.905882,37.494684,126.907017
727,37.494234,126.907585,37.493784,126.907017,37.494684,126.908153
728,37.494234,126.90872,37.493784,126.908153,37.494684,126.909288
729,37.494234,126.909856,37.493784,126.909288,37.494684,126.910424
730,37.494234,126.910991,37.493784,126.910424,37.494684,126.911559
731,37.494234,126.912127,37.493784,126.911559,37.494684,126.912694
732,37.494234,126.913262,37.493784,126.912694,37.494684,126.91383
733,37.494234,126.914398,37.493784,126.91383,37.494684,126.914965
734,37.494234,126.915533,37.493784,126.914965,37.494684,126.916101
735,37.494234,126.916669,37.493784,126.916101,37.494684,126.917236
736,37.494234,126.917804,37.493784,126.917236,37.494684,126.918372
737,37.494234,126.918939,37.493784,126.918372,37.494684,126.919507
738,37.494234,126.920075,37.493784,126.919507,37.494684,126.920643
739,37.494234,126.92121,37.493784,126.920643,37.494684,126.921778
740,37.494234,126.922346,37.493784,126.921778,37.494684,126.922914
741,37.494234,126.923481,37.493784,126.922914,37.494684,126.924049
742,37.494234,126.924617,37.493784,126.924049,37.494684,126.925184
743,37.494234,126.925752,37.493784,126.925184,37.494684,126.92632
744,37.494234,126.926888,37.493784,126.92632,37.494684,126.927455
745,37.494234,126.928023,37.493784,126.927455,37.494684,126.928591
746,37.494234,126.929159,37.493784,126.928591,37.494684,126.929726
747,37.494234,126.930294,37.493784,126.929726,37.494684,126.930862
748,37.494234,126.931429,37.493784,126.930862,37.494684,126.931997
749,37.494234,126.932565,37.493784,126.931997,37.494684,126.933133
750,37.494234,126.9337,37.493784,126.933133,37.494684,126.934268
751,37.494234,126.934836,37.493784,126.934268,37.494684,126.935404
752,37.494234,126.935971,37.493784,126.935404,37.494684,126.936539
753,37.494234,126.937107,37.493784,126.936539,37.494684,126.937674
754,37.494234,126.938242,37.493784,126.937674,37.494684,126.93881
755,37.494234,126.939378,37.493784,126.93881,37.494684,126.939945
756,37.494234,126.940513,37.493784,126.939945,37.494684,126.941081
757,37.494234,126.941649,37.493784,126.941081,37.494684,126.942216
758,37.494234,126.942784,37.493784,126.942216,37.494684,126.943352
759,37.494234,126.943919,37.493784,126.943352,37.494684,126.944487
760,37.494234,126.945055,37.493784,126.944487,37.494684,126.945623
761,37.494234,126.94619,37.493784,126.945623,37.494684,126.946758
762,37.494234,126.947326,37.493784,126.946758,37.494684,126.947894
763,37.494234,126.948461,37.493784,126.947894,37.494684,126.949029
764,37.494234,126.949597,37.493784,126.949029,37.494684,126.950164
765,37.494234,126.950732,37.493784,126.950164,37.494684,126.9513
766,37.494234,126.951868,37.493784,126.9513,37.494684,126.952435
767,37.495135,126.904179,37.494684,126.903611,37.495585,126.904746
768,37.495135,126.905314,37.494684,126.904746,37.495585,126.905882
769,37.495135,126.906449,37.494684,126.905882,37.495585,126.907017
770,37.495135,126.907585,37.494684,126.907017,37.495585,126.908153
771,37.495135,126.90872,37.494684,126.908153,37.495585,126.909288
772,37.495135,126.909856,37.494684,126.909288,37.495585,126.910424
773,37.495135,126.910991,37.494684,126.910424,37.495585,126.911559
774,37.495135,126.912127,37.494684,126.911559,37.495585,126.912694
775,37.495135,126.913262,37.494684,126.912694,37.495585,126.91383
776,37.495135,126.914398,37.494684,126.91383,37.495585,126.914965
777,37.495135,126.915533,37.494684,126.914965,37.495585,126.916101
778,37.495135,126.916669,37.494684,126.916101,37.495585,126.917236
779,37.495135,126.917804,37.494684,126.917236,37.495585,126.918372
780,37.495135,126.918939,37.494684,126.918372,37.495585,126.919507
781,37.495135,126.920075,37.494684,126.919507,37.495585,126.920643
782,37.495135,126.92121,37.494684,126.920643,37.495585,126.921778
783,37.495135,126.922346,37.494684,126.921778,37.495585,126.922914
784,37.495135,126.923481,37.494684,126.922914,37.495585,126.924049
785,37.495135,126.924617,37.494684,126.924049,37.495585,126.925184
786,37.495135,126.925752,37.494684,126.925184,37.495585,126.92632
787,37.495135,126.926888,37.494684,126.92632,37.495585,126.927455
788,37.495135,126.928023,37.494684,126.927455,37.495585,126.928591
789,37.495135,126.929159,37.494684,126.928591,37.495585,126.929726
790,37.495135,126.930294,37.494684,126.929726,37.495585,126.930862
791,37.495135,126.931429,37.494684,126.930862,37.495585,126.931997
792,37.495135,126.932565,37.494684,126.931997,37.495585,126.933133
793,37.495135,126.9337,37.494684,126.933133,37.495585,126.934268
794,37.495135,126.934836,37.494684,126.934268,37.495585,126.935404
795,37.495135,126.935971,37.494684,126.935404,37.495585,126.936539
796,37.495135,126.937107,37.494684,126.936539,37.495585,126.937674
797,37.495135,126.938242,37.494684,126.937674,37.495585,126.93881
798,37.495135,126.939378,37.494684,126.93881,37.495585,126.939945
799,37.495135,126.940513,37.494684,126.939945,37.495585,126.941081
800,37.495135,126.941649,37.494684,126.941081,37.495585,126.942216
801,37.495135,126.942784,37.494684,126.942216,37.495585,126.943352
802,37.495135,126.943919,37.494684,126.943352,37.495585,126.944487
803,37.495135,126.945055,37.494684,126.944487,37.495585,126.945623
804,37.495135,126.94619,37.494684,126.945623,37.495585,126.946758
805,37.495135,126.947326,37.494684,126.946758,37.495585,126.947894
806,37.495135,126.948461,37.494684,126.947894,37.495585,126.949029
807,37.495135,126.949597,37.494684,126.949029,37.495585,126.950164
808,37.495135,126.950732,37.494684,126.950164,37.495585,126.9513
809,37.495135,126.951868,37.494684,126.9513,37.495585,126.952435
810,37.496036,126.904179,37.495585,126.903611,37.496486,126.904746
811,37.496036,126.905314,37.495585,126.904746,37.496486,126.905882
812,37.496036,126.906449,37.495585,126.905882,37.496486,126.907017
813,37.496036,126.907585,37.495585,126.907017,37.496486,126.908153
814,37.496036,126.90872,37.495585,126.908153,37.496486,126.909288
815,37.496036,126.909856,37.495585,126.909288,37.496486,126.910424
816,37.496036,126.910991,37.495585,126.910424,37.496486,126.911559
817,37.496036,126.912127,37.495585,126.911559,37.496486,126.912694
818,37.496036,126.913262,37.495585,126.912694,37.496486,126.91383
819,37.496036,126.914398,37.495585,126.91383,37.496486,126.914965
820,37.496036,126.915533,37.495585,126.914965,37.496486,126.916101
821,37.496036,126.916669,37.495585,126.916101,37.496486,126.917236
822,37.496036,126.917804,37.495585,126.917236,37.496486,126.918372
823,37.496036,126.918939,37.495585,126.918372,37.496486,126.919507
824,37.496036,126.920075,37.495585,126.919507,37.496486,126.920643
825,37.496036,126.92121,37.495585,126.920643,37.496486,126.921778
826,37.496036,126.922346,37.495585,126.921778,37.496486,126.922914
827,37.496036,126.923481,37.495585,126.922914,37.496486,126.924049
828,37.496036,126.924617,37.495585,126.924049,37.496486,126.925184
829,37.496036,126.925752,37.495585,126.925184,37.496486,126.92632
830,37.496036,126.926888,37.495585,126.92632,37.496486,126.927455
831,37.496036,126.928023,37.495585,126.927455,37.496486,126.928591
832,37.496036,126.929159,37.495585,126.928591,37.496486,126.929726
833,37.496036,126.930294,37.495585,126.929726,37.496486,126.930862
834,37.496036,126.931429,37.495585,126.930862,37.496486,126.931997
835,37.496036,126.932565,37.495585,126.931997,37.496486,126.933133
836,37.496036,126.9337,37.495585,126.933133,37.496486,126.934268
837,37.496036,126.934836,37.495585,126.934268,37.496486,126.935404
838,37.496036,126.935971,37.495585,126.935404,37.496486,126.936539
839,37.496036,126.937107,37.495585,126.936539,37.496486,126.937674
840,37.496036,126.938242,37.495585,126.937674,37.496486,126.93881
841,37.496036,126.939378,37.495585,126.93881,37.496486,126.939945
842,37.496036,126.940513,37.495585,126.939945,37.496486,126.941081
843,37.496036,126.941649,37.495585,126.941081,37.496486,126.942216
844,37.496036,126.942784,37.495585,126.942216,37.496486,126.943352
845,37.496036,126.943919,37.495585,126.943352,37.496486,126.944487
846,37.496036,126.945055,37.495585,126.944487,37.496486,126.945623
847,37.496036,126.94619,37.495585,126.945623,37.496486,126.946758
848,37.496036,126.947326,37.495585,126.946758,37.496486,126.947894
849,37.496036,126.948461,37.495585,126.947894,37.496486,126.949029
850,37.496036,126.949597,37.495585,126.949029,37.496486,126.950164
851,37.496036,126.950732,37.495585,126.950164,37.496486,126.9513
852,37.496036,126.951868,37.495585,126.9513,37.496486,126.952435
853,37.496937,126.904179,37.496486,126.903611,37.497387,126.904746
854,37.496937,126.905314,37.496486,126.904746,37.497387,126.905882
855,37.496937,126.906449,37.496486,126.905882,37.497387,126.907017
856,37.496937,126.907585,37.496486,126.907017,37.497387,126.908153
857,37.496937,126.90872,37.496486,126.908153,37.497387,126.909288
858,37.496937,126.909856,37.496486,126.909288,37.497387,126.910424
859,37.496937,126.910991,37.496486,126.910424,37.497387,126.911559
860,37.496937,126.912127,37.496486,126.911559,37.497387,126.912694
861,37.496937,126.913262,37.496486,126.912694,37.497387,126.91383
862,37.496937,126.914398,37.496486,126.91383,37.497387,126.914965
863,37.496937,126.915533,37.496486,126.914965,37.497387,126.916101
864,37.496937,126.916669,37.496486,126.916101,37.497387,126.917236
865,37.496937,126.917804,37.496486,126.917236,37.497387,126.918372
866,37.496937,126.918939,37.496486,126.918372,37.497387,126.919507
867,37.496937,126.920075,37.496486,126.919507,37.497387,126.920643
868,37.496937,126.92121,37.496486,126.920643,37.497387,126.921778
869,37.496937,126.922346,37.496486,126.921778,37.497387,126.922914
870,37.496937,126.923481,37.496486,126.922914,37.497387,126.924049
871,37.496937,126.924617,37.496486,126.924049,37.497387,126.925184
872,37.496937,126.925752,37.496486,126.925184,37.497387,126.92632
873,37.496937,126.926888,37.496486,126.92632,37.497387,126.927455
874,37.496937,126.928023,37.496486,126.927455,37.497387,126.928591
875,37.496937,126.929159,37.496486,126.928591,37.497387,126.929726
876,37.496937,126.930294,37.496486,126.929726,37.497387,126.930862
877,37.496937,126.931429,37.496486,126.930862,37.497387,126.931997
878,37.496937,126.932565,37.496486,126.931997,37.497387,126.933133
879,37.496937,126.9337,37.496486,126.933133,37.497387,126.934268
880,37.496937,126.934836,37.496486,126.934268,37.497387,126.935404
881,37.496937,126.935971,37.496486,126.935404,37.497387,126.936539
882,37.496937,126.937107,37.496486,126.936539,37.497387,126.937674
883,37.496937,126.938242,37.496486,126.937674,37.497387,126.93881
884,37.496937,126.939378,37.496486,126.93881,37.497387,126.939945
885,37.496937,126.940513,37.496486,126.939945,37.497387,126.941081
886,37.496937,126.941649,37.496486,126.941081,37.497387,126.942216
887,37.496937,126.942784,37.496486,126.942216,37.497387,126.943352
888,37.496937,126.943919,37.496486,126.943352,37.497387,126.944487
889,37.496937,126.945055,37.496486,126.944487,37.497387,126.945623
890,37.496937,126.94619,37.496486,126.945623,37.497387,126.946758
891,37.496937,126.947326,37.496486,126.946758,37.497387,126.947894
892,37.496937,126.948461,37.496486,126.947894,37.497387,126.949029
893,37.496937,126.949597,37.496486,126.949029,37.497387,126.950164
894,37.496937,126.950732,37.496486,126.950164,37.497387,126.9513
895,37.496937,126.951868,37.496486,126.9513,37.497387,126.952435
896,37.497838,126.904179,37.497387,126.903611,37.498288,126.904746
897,37.497838,126.905314,37.497387,126.904746,37.498288,126.905882
898,37.497838,126.906449,37.497387,126.905882,37.498288,126.907017
899,37.497838,126.907585,37.497387,126.907017,37.498288,126.908153
900,37.497838,126.90872,37.497387,126.908153,37.498288,126.909288
901,37.497838,126.909856,37.497387,126.909288,37.498288,126.910424
902,37.497838,126.910991,37.497387,126.910424,37.498288,126.911559
903,37.497838,126.912127,37.497387,126.911559,37.498288,126.912694
904,37.497838,126.913262,37.497387,126.912694,37.498288,126.91383
905,37.497838,126.914398,37.497387,126.91383,37.498288,126.914965
906,37.497838,126.915533,37.497387,126.914965,37.498288,126.916101
907,37.497838,126.916669,37.497387,126.916101,37.498288,126.917236
908,37.497838,126.917804,37.497387,126.917236,37.498288,126.918372
909,37.497838,126.918939,37.497387,126.918372,37.498288,126.919507
910,37.497838,126.920075,37.497387,126.919507,37.498288,126.920643
911,37.497838,126.92121,37.497387,126.920643,37.498288,126.921778
912,37.497838,126.922346,37.497387,126.921778,37.498288,126.922914
913,37.497838,126.923481,37.497387,126.922914,37.498288,126.924049
914,37.497838,126.924617,37.497387,126.924049,37.498288,126.925184
915,37.497838,126.925752,37.497387,126.925184,37.498288,126.92632
916,37.497838,126.926888,37.497387,126.92632,37.498288,126.927455
917,37.497838,126.928023,37.497387,126.927455,37.498288,126.928591
918,37.497838,126.929159,37.497387,126.928591,37.498288,126.929726
919,37.497838,126.930294,37.497387,126.929726,37.498288,126.930862
920,37.497838,126.931429,37.497387,126.930862,37.498288,126.931997
921,37.497838,126.932565,37.497387,126.931997,37.498288,126.933133
922,37.497838,126.9337,37.497387,126.933133,37.498288,126.934268
923,37.497838,126.934836,37.497387,126.934268,37.498288,126.935404
924,37.497838,126.935971,37.497387,126.935404,37.498288,126.936539
925,37.497838,126.937107,37.497387,126.936539,37.498288,126.937674
926,37.497838,126.938242,37.497387,126.937674,37.498288,126.93881
927,37.497838,126.939378,37.497387,126.93881,37.498288,126.939945
928,37.497838,126.940513,37.497387,126.939945,37.498288,126.941081
929,37.497838,126.941649,37.497387,126.941081,37.498288,126.942216
930,37.497838,126.942784,37.497387,126.942216,37.498288,126.943352
931,37.497838,126.943919,37.497387,126.943352,37.498288,126.944487
932,37.497838,126.945055,37.497387,126.944487,37.498288,126.945623
933,37.497838,126.94619,37.497387,126.945623,37.498288,126.946758
934,37.497838,126.947326,37.497387,126.946758,37.498288,126.947894
935,37.497838,126.948461,37.497387,126.947894,37.498288,126.949029
936,37.497838,126.949597,37.497387,126.949029,37.498288,126.950164
937,37.497838,126.950732,37.497387,126.950164,37.498288,126.9513
938,37.498738,126.904179,37.498288,126.903611,37.499189,126.904746
939,37.498738,126.905314,37.498288,126.904746,37.499189,126.905882
940,37.498738,126.906449,37.498288,126.905882,37.499189,126.907017
941,37.498738,126.907585,37.498288,126.907017,37.499189,126.908153
942,37.498738,126.90872,37.498288,126.908153,37.499189,126.909288
943,37.498738,126.909856,37.498288,126.909288,37.499189,126.910424
944,37.498738,126.910991,37.498288,126.910424,37.499189,126.911559
945,37.498738,126.912127,37.498288,126.911559,37.499189,126.912694
946,37.498738,126.913262,37.498288,126.912694,37.499189,126.91383
947,37.498738,126.914398,37.498288,126.91383,37.499189,126.914965
948,37.498738,126.915533,37.498288,126.914965,37.499189,126.916101
949,37.498738,126.916669,37.498288,126.916101,37.499189,126.917236
950,37.498738,126.917804,37.498288,126.917236,37.499189,126.918372
951,37.498738,126.918939,37.498288,126.918372,37.499189,126.919507
952,37.498738,126.920075,37.498288,126.919507,37.499189,126.920643
953,37.498738,126.92121,37.498288,126.920643,37.499189,126.921778
954,37.498738,126.922346,37.498288,126.921778,37.499189,126.922914
955,37.498738,126.923481,37.498288,126.922914,37.499189,126.924049
956,37.498738,126.924617,37.498288,126.924049,37.499189,126.925184
957,37.498738,126.925752,37.498288,126.925184,37.499189,126.92632
958,37.498738,126.926888,37.498288,126.92632,37.499189,126.927455
959,37.498738,126.928023,37.498288,126.927455,37.499189,126.928591
960,37.498738,126.929159,37.498288,126.928591,37.499189,126.929726
961,37.498738,126.930294,37.498288,126.929726,37.499189,126.930862
962,37.498738,126.931429,37.498288,126.930862,37.499189,126.931997
963,37.498738,126.932565,37.498288,126.931997,37.499189,126.933133
964,37.498738,126.9337,37.498288,126.933133,37.499189,126.934268
965,37.498738,126.934836,37.498288,126.934268,37.499189,126.935404
966,37.498738,126.935971,37.498288,126.935404,37.499189,126.936539
967,37.498738,126.937107,37.498288,126.936539,37.499189,126.937674
968,37.498738,126.938242,37.498288,126.937674,37.499189,126.93881
969,37.498738,126.939378,37.498288,126.93881,37.499189,126.939945
970,37.498738,126.940513,37.498288,126.939945,37.499189,126.941081
971,37.498738,126.941649,37.498288,126.941081,37.499189,126.942216
972,37.498738,126.942784,37.498288,126.942216,37.499189,126.943352
973,37.498738,126.943919,37.498288,126.943352,37.499189,126.944487
974,37.498738,126.945055,37.498288,126.944487,37.499189,126.945623
975,37.498738,126.94619,37.498288,126.945623,37.499189,126.946758
976,37.498738,126.947326,37.498288,126.946758,37.499189,126.947894
977,37.498738,126.948461,37.498288,126.947894,37.499189,126.949029
978,37.498738,126.949597,37.498288,126.949029,37.499189,126.950164
979,37.498738,126.950732,37.498288,126.950164,37.499189,126.9513
980,37.499639,126.903043,37.499189,126.902475,37.50009,126.903611
981,37.499639,126.904179,37.499189,126.903611,37.50009,126.904746
982,37.499639,126.905314,37.499189,126.904746,37.50009,126.905882
983,37.499639,126.906449,37.499189,126.905882,37.50009,126.907017
984,37.499639,126.907585,37.499189,126.907017,37.50009,126.908153
985,37.499639,126.90872,37.499189,126.908153,37.50009,126.909288
986,37.499639,126.909856,37.499189,126.909288,37.50009,126.910424
987,37.499639,126.910991,37.499189,126.910424,37.50009,126.911559
988,37.499639,126.912127,37.499189,126.911559,37.50009,126.912694
989,37.499639,126.913262,37.499189,126.912694,37.50009,126.91383
990,37.499639,126.914398,37.499189,126.91383,37.50009,126.914965
991,37.499639,126.915533,37.499189,126.914965,37.50009,126.916101
992,37.499639,126.916669,37.499189,126.916101,37.50009,126.917236
993,37.499639,126.917804,37.499189,126.917236,37.50009,126.918372
994,37.499639,126.918939,37.499189,126.918372,37.50009,126.919507
995,37.499639,126.920075,37.499189,126.919507,37.50009,126.920643
996,37.499639,126.92121,37.499189,126.920643,37.50009,126.921778
997,37.499639,126.922346,37.499189,126.921778,37.50009,126.922914
998,37.499639,126.923481,37.499189,126.922914,37.50009,126.924049
999,37.499639,126.924617,37.499189,126.924049,37.50009,126.925184
1000,37.499639,126.925752,37.499189,126.925184,37.50009,126.92632
1001,37.499639,126.926888,37.499189,126.92632,37.50009,126.927455
1002,37.499639,126.928023,37.499189,126.927455,37.50009,126.928591
1003,37.499639,126.929159,37.499189,126.928591,37.50009,126.929726
1004,37.499639,126.930294,37.499189,126.929726,37.50009,126.930862
1005,37.499639,126.931429,37.499189,126.930862,37.50009,126.931997
1006,37.499639,126.932565,37.499189,126.931997,37.50009,126.933133
1007,37.499639,126.9337,37.499189,126.933133,37.50009,126.934268
1008,37.499639,126.934836,37.499189,126.934268,37.50009,126.935404
1009,37.499639,126.935971,37.499189,126.935404,37.50009,126.936539
1010,37.499639,126.937107,37.499189,126.936539,37.50009,126.937674
1011,37.499639,126.938242,37.499189,126.937674,37.50009,126.93881
1012,37.499639,126.939378,37.499189,126.93881,37.50009,126.939945
1013,37.499639,126.940513,37.499189,126.939945,37.50009,126.941081
1014,37.499639,126.941649,37.499189,126.941081,37.50009,126.942216
1015,37.499639,126.942784,37.499189,126.942216,37.50009,126.943352
1016,37.499639,126.943919,37.499189,126.943352,37.50009,126.944487
1017,37.499639,126.945055,37.499189,126.944487,37.50009,126.945623
1018,37.499639,126.94619,37.499189,126.945623,37.50009,126.946758
1019,37.499639,126.947326,37.499189,126.946758,37.50009,126.947894
1020,37.499639,126.948461,37.499189,126.947894,37.50009,126.949029
1021,37.499639,126.949597,37.499189,126.949029,37.50009,126.950164
1022,37.499639,126.950732,37.499189,126.950164,37.50009,126.9513
1023,37.50054,126.903043,37.50009,126.902475,37.500991,126.903611
1024,37.50054,126.904179,37.50009,126.903611,37.500991,126.904746
1025,37.50054,126.905314,37.50009,126.904746,37.500991,126.905882
1026,37.50054,126.906449,37.50009,126.905882,37.500991,126.907017
1027,37.50054,126.907585,37.50009,126.907017,37.500991,126.908153
1028,37.50054,126.90872,37.50009,126.908153,37.500991,126.909288
1029,37.50054,126.909856,37.50009,126.909288,37.500991,126.910424
1030,37.50054,126.910991,37.50009,126.910424,37.500991,126.911559
1031,37.50054,126.912127,37.50009,126.911559,37.500991,126.912694
1032,37.50054,126.913262,37.50009,126.912694,37.500991,126.91383
1033,37.50054,126.914398,37.50009,126.91383,37.500991,126.914965
1034,37.50054,126.915533,37.50009,126.914965,37.500991,126.916101
1035,37.50054,126.916669,37.50009,126.916101,37.500991,126.917236
1036,37.50054,126.917804,37.50009,126.917236,37.500991,126.918372
1037,37.50054,126.918939,37.50009,126.918372,37.500991,126.919507
1038,37.50054,126.920075,37.50009,126.919507,37.500991,126.920643
1039,37.50054,126.92121,37.50009,126.920643,37.500991,126.921778
1040,37.50054,126.922346,37.50009,126.921778,37.500991,126.922914
1041,37.50054,126.923481,37.50009,126.922914,37.500991,126.924049
1042,37.50054,126.924617,37.50009,126.924049,37.500991,126.925184
1043,37.50054,126.925752,37.50009,126.925184,37.500991,126.92632
1044,37.50054,126.926888,37.50009,126.92632,37.500991,126.927455
1045,37.50054,126.928023,37.50009,126.927455,37.500991,126.928591
1046,37.50054,126.929159,37.50009,126.928591,37.500991,126.929726
1047,37.50054,126.930294,37.50009,126.929726,37.500991,126.930862
1048,37.50054,126.931429,37.50009,126.930862,37.500991,126.931997
1049,37.50054,126.932565,37.50009,126.931997,37.500991,126.933133
1050,37.50054,126.9337,37.50009,126.933133,37.500991,126.934268
1051,37.50054,126.934836,37.50009,126.934268,37.500991,126.935404
1052,37.50054,126.935971,37.50009,126.935404,37.500991,126.936539
1053,37.50054,126.937107,37.50009,126.936539,37.500991,126.937674
1054,37.50054,126.938242,37.50009,126.937674,37.500991,126.93881
1055,37.50054,126.939378,37.50009,126.93881,37.500991,126.939945
1056,37.50054,126.940513,37.50009,126.939945,37.500991,126.941081
1057,37.50054,126.941649,37.50009,126.941081,37.500991,126.942216
1058,37.50054,126.942784,37.50009,126.942216,37.500991,126.943352
1059,37.50054,126.943919,37.50009,126.943352,37.500991,126.944487
1060,37.50054,126.945055,37.50009,126.944487,37.500991,126.945623
1061,37.50054,126.94619,37.50009,126.945623,37.500991,126.946758
1062,37.50054,126.947326,37.50009,126.946758,37.500991,126.947894
1063,37.50054,126.948461,37.50009,126.947894,37.500991,126.949029
1064,37.50054,126.949597,37.50009,126.949029,37.500991,126.950164
1065,37.50054,126.950732,37.50009,126.950164,37.500991,126.9513
1066,37.501441,126.903043,37.500991,126.902475,37.501892,126.903611
1067,37.501441,126.904179,37.500991,126.903611,37.501892,126.904746
1068,37.501441,126.905314,37.500991,126.904746,37.501892,126.905882
1069,37.501441,126.906449,37.500991,126.905882,37.501892,126.907017
1070,37.501441,126.907585,37.500991,126.907017,37.501892,126.908153
1071,37.501441,126.90872,37.500991,126.908153,37.501892,126.909288
1072,37.501441,126.909856,37.500991,126.909288,37.501892,126.910424
1073,37.501441,126.910991,37.500991,126.910424,37.501892,126.911559
1074,37.501441,126.912127,37.500991,126.911559,37.501892,126.912694
1075,37.501441,126.913262,37.500991,126.912694,37.501892,126.91383
1076,37.501441,126.914398,37.500991,126.91383,37.501892,126.914965
1077,37.501441,126.915533,37.500991,126.914965,37.501892,126.916101
1078,37.501441,126.916669,37.500991,126.916101,37.501892,126.917236
1079,37.501441,126.917804,37.500991,126.917236,37.501892,126.918372
1080,37.501441,126.918939,37.500991,126.918372,37.501892,126.919507
1081,37.501441,126.920075,37.500991,126.919507,37.501892,126.920643
1082,37.501441,126.92121,37.500991,126.920643,37.501892,126.921778
1083,37.501441,126.922346,37.500991,126.921778,37.501892,126.922914
1084,37.501441,126.923481,37.500991,126.922914,37.501892,126.924049
1085,37.501441,126.924617,37.500991,126.924049,37.501892,126.925184
1086,37.501441,126.925752,37.500991,126.925184,37.501892,126.92632
1087,37.501441,126.926888,37.500991,126.92632,37.501892,126.927455
1088,37.501441,126.928023,37.500991,126.927455,37.501892,126.928591
1089,37.501441,126.929159,37.500991,126.928591,37.501892,126.929726
1090,37.501441,126.930294,37.500991,126.929726,37.501892,126.930862
1091,37.501441,126.931429,37.500991,126.930862,37.501892,126.931997
1092,37.501441,126.932565,37.500991,126.931997,37.501892,126.933133
1093,37.501441,126.9337,37.500991,126.933133,37.501892,126.934268
1094,37.501441,126.934836,37.500991,126.934268,37.501892,126.935404
1095,37.501441,126.935971,37.500991,126.935404,37.501892,126.936539
1096,37.501441,126.937107,37.500991,126.936539,37.501892,126.937674
1097,37.501441,126.938242,37.500991,126.937674,37.501892,126.93881
1098,37.501441,126.939378,37.500991,126.93881,37.501892,126.939945
1099,37.501441,126.940513,37.500991,126.939945,37.501892,126.941081
1100,37.501441,126.941649,37.500991,126.941081,37.501892,126.942216
1101,37.501441,126.942784,37.500991,126.942216,37.501892,126.943352
1102,37.501441,126.943919,37.500991,126.943352,37.501892,126.944487
1103,37.501441,126.945055,37.500991,126.944487,37.501892,126.945623
1104,37.501441,126.94619,37.500991,126.945623,37.501892,126.946758
1105,37.501441,126.947326,37.500991,126.946758,37.501892,126.947894
1106,37.501441,126.948461,37.500991,126.947894,37.501892,126.949029
1107,37.501441,126.949597,37.500991,126.949029,37.501892,126.950164
1108,37.501441,126.950732,37.500991,126.950164,37.501892,126.9513
1109,37.502342,126.903043,37.501892,126.902475,37.502793,126.903611
1110,37.502342,126.904179,37.501892,126.903611,37.502793,126.904746
1111,37.502342,126.905314,37.501892,126.904746,37.502793,126.905882
1112,37.502342,126.906449,37.501892,126.905882,37.502793,126.907017
1113,37.502342,126.907585,37.501892,126.907017,37.502793,126.908153
1114,37.502342,126.90872,37.501892,126.908153,37.502793,126.909288
1115,37.502342,126.909856,37.501892,126.909288,37.502793,126.910424
1116,37.502342,126.910991,37.501892,126.910424,37.502793,126.911559
1117,37.502342,126.912127,37.501892,126.911559,37.502793,126.912694
1118,37.502342,126.913262,37.501892,126.912694,37.502793,126.91383
1119,37.502342,126.914398,37.501892,126.91383,37.502793,126.914965
1120,37.502342,126.915533,37.501892,126.914965,37.502793,126.916101
1121,37.502342,126.916669,37.501892,126.916101,37.502793,126.917236
1122,37.502342,126.917804,37.501892,126.917236,37.502793,126.918372
1123,37.502342,126.918939,37.501892,126.918372,37.502793,126.919507
1124,37.502342,126.920075,37.501892,126.919507,37.502793,126.920643
1125,37.502342,126.92121,37.501892,126.920643,37.502793,126.921778
1126,37.502342,126.922346,37.501892,126.921778,37.502793,126.922914
1127,37.502342,126.923481,37.501892,126.922914,37.502793,126.924049
1128,37.502342,126.924617,37.501892,126.924049,37.502793,126.925184
1129,37.502342,126.925752,37.501892,126.925184,37.502793,126.92632
1130,37.502342,126.926888,37.501892,126.92632,37.502793,126.927455
1131,37.502342,126.928023,37.501892,126.927455,37.502793,126.928591
1132,37.502342,126.929159,37.501892,126.928591,37.502793,126.929726
1133,37.502342,126.930294,37.501892,126.929726,37.502793,126.930862
1134,37.502342,126.931429,37.501892,126.930862,37.502793,126.931997
1135,37.502342,126.932565,37.501892,126.931997,37.502793,126.933133
1136,37.502342,126.9337,37.501892,126.933133,37.502793,126.934268
1137,37.502342,126.934836,37.501892,126.934268,37.502793,126.935404
1138,37.502342,126.935971,37.501892,126.935404,37.502793,126.936539
1139,37.502342,126.937107,37.501892,126.936539,37.502793,126.937674
1140,37.502342,126.938242,37.501892,126.937674,37.502793,126.93881
1141,37.502342,126.939378,37.501892,126.93881,37.502793,126.939945
1142,37.502342,126.940513,37.501892,126.939945,37.502793,126.941081
1143,37.502342,126.941649,37.501892,126.941081,37.502793,126.942216
1144,37.502342,126.942784,37.501892,126.942216,37.502793,126.943352
1145,37.502342,126.943919,37.501892,126.943352,37.502793,126.944487
1146,37.502342,126.945055,37.501892,126.944487,37.502793,126.945623
1147,37.502342,126.94619,37.501892,126.945623,37.502793,126.946758
1148,37.502342,126.947326,37.501892,126.946758,37.502793,126.947894
1149,37.502342,126.948461,37.501892,126.947894,37.502793,126.949029
1150,37.502342,126.949597,37.501892,126.949029,37.502793,126.950164
1151,37.502342,126.950732,37.501892,126.950164,37.502793,126.9513
1152,37.503243,126.903043,37.502793,126.902475,37.503693,126.903611
1153,37.503243,126.904179,37.502793,126.903611,37.503693,126.904746
1154,37.503243,126.905314,37.502793,126.904746,37.503693,126.905882
1155,37.503243,126.906449,37.502793,126.905882,37.503693,126.907017
1156,37.503243,126.907585,37.502793,126.907017,37.503693,126.908153
1157,37.503243,126.90872,37.502793,126.908153,37.503693,126.909288
1158,37.503243,126.909856,37.502793,126.909288,37.503693,126.910424
1159,37.503243,126.910991,37.502793,126.910424,37.503693,126.911559
1160,37.503243,126.912127,37.502793,126.911559,37.503693,126.912694
1161,37.503243,126.913262,37.502793,126.912694,37.503693,126.91383
1162,37.503243,126.914398,37.502793,126.91383,37.503693,126.914965
1163,37.503243,126.915533,37.502793,126.914965,37.503693,126.916101
1164,37.503243,126.916669,37.502793,126.916101,37.503693,126.917236
1165,37.503243,126.917804,37.502793,126.917236,37.503693,126.918372
1166,37.503243,126.918939,37.502793,126.918372,37.503693,126.919507
1167,37.503243,126.920075,37.502793,126.919507,37.503693,126.920643
1168,37.503243,126.92121,37.502793,126.920643,37.503693,126.921778
1169,37.503243,126.922346,37.502793,126.921778,37.503693,126.922914
1170,37.503243,126.923481,37.502793,126.922914,37.503693,126.924049
1171,37.503243,126.924617,37.502793,126.924049,37.503693,126.925184
1172,37.503243,126.925752,37.502793,126.925184,37.503693,126.92632
1173,37.503243,126.926888,37.502793,126.92632,37.503693,126.927455
1174,37.503243,126.928023,37.502793,126.927455,37.503693,126.928591
1175,37.503243,126.929159,37.502793,126.928591,37.503693,126.929726
1176,37.503243,126.930294,37.502793,126.929726,37.503693,126.930862
1177,37.503243,126.931429,37.502793,126.930862,37.503693,126.931997
1178,37.503243,126.932565,37.502793,126.931997,37.503693,126.933133
1179,37.503243,126.9337,37.502793,126.933133,37.503693,126.934268
1180,37.503243,126.934836,37.502793,126.934268,37.503693,126.935404
1181,37.503243,126.935971,37.502793,126.935404,37.503693,126.936539
1182,37.503243,126.937107,37.502793,126.936539,37.503693,126.937674
1183,37.503243,126.938242,37.502793,126.937674,37.503693,126.93881
1184,37.503243,126.939378,37.502793,126.93881,37.503693,126.939945
1185,37.503243,126.940513,37.502793,126.939945,37.503693,126.941081
1186,37.503243,126.941649,37.502793,126.941081,37.503693,126.942216
1187,37.503243,126.942784,37.502793,126.942216,37.503693,126.943352
1188,37.503243,126.943919,37.502793,126.943352,37.503693,126.944487
1189,37.503243,126.945055,37.502793,126.944487,37.503693,126.945623
1190,37.503243,126.94619,37.502793,126.945623,37.503693,126.946758
1191,37.503243,126.947326,37.502793,126.946758,37.503693,126.947894
1192,37.503243,126.948461,37.502793,126.947894,37.503693,126.949029
1193,37.503243,126.949597,37.502793,126.949029,37.503693,126.950164
1194,37.503243,126.950732,37.502793,126.950164,37.503693,126.9513
1195,37.504144,126.903043,37.503693,126.902475,37.504594,126.903611
1196,37.504144,126.904179,37.503693,126.903611,37.504594,126.904746
1197,37.504144,126.905314,37.503693,126.904746,37.504594,126.905882
1198,37.504144,126.906449,37.503693,126.905882,37.504594,126.907017
1199,37.504144,126.907585,37.503693,126.907017,37.504594,126.908153
1200,37.504144,126.90872,37.503693,126.908153,37.504594,126.909288
1201,37.504144,126.909856,37.503693,126.909288,37.504594,126.910424
1202,37.504144,126.910991,37.503693,126.910424,37.504594,126.911559
1203,37.504144,126.912127,37.503693,126.911559,37.504594,126.912694
1204,37.504144,126.913262,37.503693,126.912694,37.504594,126.91383
1205,37.504144,126.914398,37.503693,126.91383,37.504594,126.914965
1206,37.504144,126.915533,37.503693,126.914965,37.504594,126.916101
1207,37.504144,126.916669,37.503693,126.916101,37.504594,126.917236
1208,37.504144,126.917804,37.503693,126.917236,37.504594,126.918372
1209,37.504144,126.918939,37.503693,126.918372,37.504594,126.919507
1210,37.504144,126.920075,37.503693,126.919507,37.504594,126.920643
1211,37.504144,126.92121,37.503693,126.920643,37.504594,126.921778
1212,37.504144,126.922346,37.503693,126.921778,37.504594,126.922914
1213,37.504144,126.923481,37.503693,126.922914,37.504594,126.924049
1214,37.504144,126.924617,37.503693,126.924049,37.504594,126.925184
1215,37.504144,126.925752,37.503693,126.925184,37.504594,126.92632
1216,37.504144,126.926888,37.503693,126.92632,37.504594,126.927455
1217,37.504144,126.928023,37.503693,126.927455,37.504594,126.928591
1218,37.504144,126.929159,37.503693,126.928591,37.504594,126.929726
1219,37.504144,126.930294,37.503693,126.929726,37.504594,126.930862
1220,37.504144,126.931429,37.503693,126.930862,37.504594,126.931997
1221,37.504144,126.932565,37.503693,126.931997,37.504594,126.933133
1222,37.504144,126.9337,37.503693,126.933133,37.504594,126.934268
1223,37.504144,126.934836,37.503693,126.934268,37.504594,126.935404
1224,37.504144,126.935971,37.503693,126.935404,37.504594,126.936539
1225,37.504144,126.937107,37.503693,126.936539,37.504594,126.937674
1226,37.504144,126.938242,37.503693,126.937674,37.504594,126.93881
1227,37.504144,126.939378,37.503693,126.93881,37.504594,126.939945
1228,37.504144,126.940513,37.503693,126.939945,37.504594,126.941081
1229,37.504144,126.941649,37.503693,126.941081,37.504594,126.942216
1230,37.504144,126.942784,37.503693,126.942216,37.504594,126.943352
1231,37.504144,126.943919,37.503693,126.943352,37.504594,126.944487
1232,37.504144,126.945055,37.503693,126.944487,37.504594,126.945623
1233,37.504144,126.94619,37.503693,126.945623,37.504594,126.946758
1234,37.504144,126.947326,37.503693,126.946758,37.504594,126.947894
1235,37.504144,126.948461,37.503693,126.947894,37.504594,126.949029
1236,37.504144,126.949597,37.503693,126.949029,37.504594,126.950164
1237,37.504144,126.950732,37.503693,126.950164,37.504594,126.9513
1238,37.505045,126.903043,37.504594,126.902475,37.505495,126.903611
1239,37.505045,126.904179,37.504594,126.903611,37.505495,126.904746
1240,37.505045,126.905314,37.504594,126.904746,37.505495,126.905882
1241,37.505045,126.906449,37.504594,126.905882,37.505495,126.907017
1242,37.505045,126.907585,37.504594,126.907017,37.505495,126.908153
1243,37.505045,126.90872,37.504594,126.908153,37.505495,126.909288
1244,37.505045,126.909856,37.504594,126.909288,37.505495,126.910424
1245,37.505045,126.910991,37.504594,126.910424,37.505495,126.911559
1246,37.505045,126.912127,37.504594,126.911559,37.505495,126.912694
1247,37.505045,126.913262,37.504594,126.912694,37.505495,126.91383
1248,37.505045,126.914398,37.504594,126.91383,37.505495,126.914965
1249,37.505045,126.915533,37.504594,126.914965,37.505495,126.916101
1250,37.505045,126.916669,37.504594,126.916101,37.505495,126.917236
1251,37.505045,126.917804,37.504594,126.917236,37.505495,126.918372
1252,37.505045,126.918939,37.504594,126.918372,37.505495,126.919507
1253,37.505045,126.920075,37.504594,126.919507,37.505495,126.920643
1254,37.505045,126.92121,37.504594,126.920643,37.505495,126.921778
1255,37.505045,126.922346,37.504594,126.921778,37.505495,126.922914
1256,37.505045,126.923481,37.504594,126.922914,37.505495,126.924049
1257,37.505045,126.924617,37.504594,126.924049,37.505495,126.925184
1258,37.505045,126.925752,37.504594,126.925184,37.505495,126.92632
1259,37.505045,126.926888,37.504594,126.92632,37.505495,126.927455
1260,37.505045,126.928023,37.504594,126.927455,37.505495,126.928591
1261,37.505045,126.929159,37.504594,126.928591,37.505495,126.929726
1262,37.505045,126.930294,37.504594,126.929726,37.505495,126.930862
1263,37.505045,126.931429,37.504594,126.930862,37.505495,126.931997
1264,37.505045,126.932565,37.504594,126.931997,37.505495,126.933133
1265,37.505045,126.9337,37.504594,126.933133,37.505495,126.934268
1266,37.505045,126.934836,37.504594,126.934268,37.505495,126.935404
1267,37.505045,126.935971,37.504594,126.935404,37.505495,126.936539
1268,37.505045,126.937107,37.504594,126.936539,37.505495,126.937674
1269,37.505045,126.938242,37.504594,126.937674,37.505495,126.93881
1270,37.505045,126.939378,37.504594,126.93881,37.505495,126.939945
1271,37.505045,126.940513,37.504594,126.939945,37.505495,126.941081
1272,37.505045,126.941649,37.504594,126.941081,37.505495,126.942216
1273,37.505045,126.942784,37.504594,126.942216,37.505495,126.943352
1274,37.505045,126.943919,37.504594,126.943352,37.505495,126.944487
1275,37.505045,126.945055,37.504594,126.944487,37.505495,126.945623
1276,37.505045,126.94619,37.504594,126.945623,37.505495,126.946758
1277,37.505045,126.947326,37.504594,126.946758,37.505495,126.947894
1278,37.505045,126.948461,37.504594,126.947894,37.505495,126.949029
1279,37.505045,126.949597,37.504594,126.949029,37.505495,126.950164
1280,37.505045,126.950732,37.504594,126.950164,37.505495,126.9513
1281,37.505946,126.903043,37.505495,126.902475,37.506396,126.903611
1282,37.505946,126.904179,37.505495,126.903611,37.506396,126.904746
1283,37.505946,126.905314,37.505495,126.904746,37.506396,126.905882
1284,37.505946,126.906449,37.505495,126.905882,37.506396,126.907017
1285,37.505946,126.907585,37.505495,126.907017,37.506396,126.908153
1286,37.505946,126.90872,37.505495,126.908153,37.506396,126.909288
1287,37.505946,126.909856,37.505495,126.909288,37.506396,126.910424
1288,37.505946,126.910991,37.505495,126.910424,37.506396,126.911559
1289,37.505946,126.912127,37.505495,126.911559,37.506396,126.912694
1290,37.505946,126.913262,37.505495,126.912694,37.506396,126.91383
1291,37.505946,126.914398,37.505495,126.91383,37.506396,126.914965
1292,37.505946,126.915533,37.505495,126.914965,37.506396,126.916101
1293,37.505946,126.916669,37.505495,126.916101,37.506396,126.917236
1294,37.505946,126.917804,37.505495,126.917236,37.506396,126.918372
1295,37.505946,126.918939,37.505495,126.918372,37.506396,126.919507
1296,37.505946,126.920075,37.505495,126.919507,37.506396,126.920643
1297,37.505946,126.92121,37.505495,126.920643,37.506396,126.921778
1298,37.505946,126.922346,37.505495,126.921778,37.506396,126.922914
1299,37.505946,126.923481,37.505495,126.922914,37.506396,126.924049
1300,37.505946,126.924617,37.505495,126.924049,37.506396,126.925184
1301,37.505946,126.925752,37.505495,126.925184,37.506396,126.92632
1302,37.505946,126.926888,37.505495,126.92632,37.506396,126.927455
1303,37.505946,126.928023,37.505495,126.927455,37.506396,126.928591
1304,37.505946,126.929159,37.505495,126.928591,37.506396,126.929726
1305,37.505946,126.930294,37.505495,126.929726,37.506396,126.930862
1306,37.505946,126.931429,37.505495,126.930862,37.506396,126.931997
1307,37.505946,126.932565,37.505495,126.931997,37.506396,126.933133
1308,37.505946,126.9337,37.505495,126.933133,37.506396,126.934268
1309,37.505946,126.934836,37.505495,126.934268,37.506396,126.935404
1310,37.505946,126.935971,37.505495,126.935404,37.506396,126.936539
1311,37.505946,126.937107,37.505495,126.936539,37.506396,126.937674
1312,37.505946,126.938242,37.505495,126.937674,37.506396,126.93881
1313,37.505946,126.939378,37.505495,126.93881,37.506396,126.939945
1314,37.505946,126.940513,37.505495,126.939945,37.506396,126.941081
1315,37.505946,126.941649,37.505495,126.941081,37.506396,126.942216
1316,37.505946,126.942784,37.505495,126.942216,37.506396,126.943352
1317,37.505946,126.943919,37.505495,126.943352,37.506396,126.944487
1318,37.505946,126.945055,37.505495,126.944487,37.506396,126.945623
1319,37.505946,126.94619,37.505495,126.945623,37.506396,126.946758
1320,37.505946,126.947326,37.505495,126.946758,37.506396,126.947894
1321,37.505946,126.948461,37.505495,126.947894,37.506396,126.949029
1322,37.505946,126.949597,37.505495,126.949029,37.506396,126.950164
1323,37.505946,126.950732,37.505495,126.950164,37.506396,126.9513
1324,37.506847,126.903043,37.506396,126.902475,37.507297,126.903611
1325,37.506847,126.904179,37.506396,126.903611,37.507297,126.904746
1326,37.506847,126.905314,37.506396,126.904746,37.507297,126.905882
1327,37.506847,126.906449,37.506396,126.905882,37.507297,126.907017
1328,37.506847,126.907585,37.506396,126.907017,37.507297,126.908153
1329,37.506847,126.90872,37.506396,126.908153,37.507297,126.909288
1330,37.506847,126.909856,37.506396,126.909288,37.507297,126.910424
1331,37.506847,126.910991,37.506396,126.910424,37.507297,126.911559
1332,37.506847,126.912127,37.506396,126.911559,37.507297,126.912694
1333,37.506847,126.913262,37.506396,126.912694,37.507297,126.91383
1334,37.506847,126.914398,37.506396,126.91383,37.507297,126.914965
1335,37.506847,126.915533,37.506396,126.914965,37.507297,126.916101
1336,37.506847,126.916669,37.506396,126.916101,37.507297,126.917236
1337,37.506847,126.917804,37.506396,126.917236,37.507297,126.918372
1338,37.506847,126.918939,37.506396,126.918372,37.507297,126.919507
1339,37.506847,126.920075,37.506396,126.919507,37.507297,126.920643
1340,37.506847,126.92121,37.506396,126.920643,37.507297,126.921778
1341,37.506847,126.922346,37.506396,126.921778,37.507297,126.922914
1342,37.506847,126.923481,37.506396,126.922914,37.507297,126.924049
1343,37.506847,126.924617,37.506396,126.924049,37.507297,126.925184
1344,37.506847,126.925752,37.506396,126.925184,37.507297,126.92632
1345,37.506847,126.926888,37.506396,126.92632,37.507297,126.927455
1346,37.506847,126.928023,37.506396,126.927455,37.507297,126.928591
1347,37.506847,126.929159,37.506396,126.928591,37.507297,126.929726