grid_id,center_lat,center_lng,population_density
1,37.485385,127.017549,29571.48
2,37.485385,127.018684,29571.48
3,37.486286,127.016413,59912.72
4,37.486286,127.017549,29571.48
5,37.486286,127.018684,29571.48
6,37.486286,127.01982,9813.49
7,37.486286,127.020956,9813.49
8,37.486286,127.022092,9813.49
9,37.487187,127.016413,59912.72
10,37.487187,127.017549,29571.48
11,37.487187,127.018684,29571.48
12,37.487187,127.01982,9813.49
13,37.487187,127.020956,9813.49
14,37.487187,127.022092,23958.56
15,37.487187,127.023227,23958.56
16,37.487187,127.024363,23958.56
17,37.487187,127.025499,41899.62
18,37.488088,127.016413,29654.99
19,37.488088,127.017549,36213.1
20,37.488088,127.018684,36213.1
21,37.488088,127.01982,27761.31
22,37.488088,127.020956,27761.31
23,37.488088,127.022092,33178.2
24,37.488088,127.023227,33178.2
25,37.488088,127.024363,33178.2
26,37.488088,127.025499,98203.48
27,37.488088,127.026634,98203.48
28,37.488088,127.02777,30328.85
29,37.488088,127.028906,30328.85
30,37.488989,127.016413,29654.99
31,37.488989,127.017549,36213.1
32,37.488989,127.018684,36213.1
33,37.488989,127.01982,27761.31
34,37.488989,127.020956,27761.31
35,37.488989,127.022092,33178.2
36,37.488989,127.023227,33178.2
37,37.488989,127.024363,33178.2
38,37.488989,127.025499,98203.48
39,37.488989,127.026634,98203.48
40,37.488989,127.02777,30328.85
41,37.488989,127.028906,30328.85
42,37.488989,127.030041,30328.85
43,37.488989,127.031177,52978.47
44,37.488989,127.032313,52978.47
45,37.48989,127.015277,7413.58
46,37.48989,127.016413,7413.58
47,37.48989,127.017549,38570.95
48,37.48989,127.018684,38570.95
49,37.48989,127.01982,53522.32
50,37.48989,127.020956,53522.32
51,37.48989,127.022092,17121.11
52,37.48989,127.023227,17121.11
53,37.48989,127.024363,17121.11
54,37.48989,127.025499,42742.84
55,37.48989,127.026634,42742.84
56,37.48989,127.02777,99380.11
57,37.48989,127.028906,99380.11
58,37.48989,127.030041,99380.11
59,37.48989,127.031177,38844.46
60,37.48989,127.032313,38844.46
61,37.48989,127.033448,42217.23
62,37.48989,127.034584,42217.23
63,37.48989,127.03572,42217.23
64,37.490791,127.015277,7413.58
65,37.490791,127.016413,38570.95
66,37.490791,127.017549,38570.95
67,37.490791,127.018684,38570.95
68,37.490791,127.01982,53522.32
69,37.490791,127.020956,53522.32
70,37.490791,127.022092,17121.11
71,37.490791,127.023227,17121.11
72,37.490791,127.024363,17121.11
73,37.490791,127.025499,42742.84
74,37.490791,127.026634,42742.84
75,37.490791,127.02777,99380.11
76,37.490791,127.028906,99380.11
77,37.490791,127.030041,99380.11
78,37.490791,127.031177,38844.46
79,37.490791,127.032313,38844.46
80,37.490791,127.033448,42217.23
81,37.490791,127.034584,42217.23
82,37.490791,127.03572,42217.23
83,37.490791,127.036856,54063.33
84,37.490791,127.037991,54063.33
85,37.490791,127.039127,51931.36
86,37.491692,127.015277,7413.58
87,37.491692,127.016413,38570.95
88,37.491692,127.017549,38570.95
89,37.491692,127.018684,38570.95
90,37.491692,127.01982,53522.32
91,37.491692,127.020956,53522.32
92,37.491692,127.022092,17121.11
93,37.491692,127.023227,17121.11
94,37.491692,127.024363,17121.11
95,37.491692,127.025499,42742.84
96,37.491692,127.026634,42742.84
97,37.491692,127.02777,99380.11
98,37.491692,127.028906,99380.11
99,37.491692,127.030041,99380.11
100,37.491692,127.031177,38844.46
101,37.491692,127.032313,38844.46
102,37.491692,127.033448,42217.23
103,37.491692,127.034584,42217.23
104,37.491692,127.03572,42217.23
105,37.491692,127.036856,54063.33
106,37.491692,127.037991,54063.33
107,37.491692,127.039127,51931.36
108,37.491692,127.040263,51931.36
109,37.491692,127.041398,51931.36
110,37.491692,127.042534,2704.4
111,37.491692,127.04367,2704.4
112,37.492593,127.014142,71281.49
113,37.492593,127.015277,71281.49
114,37.492593,127.016413,30598.71
115,37.492593,127.017549,30598.71
116,37.492593,127.018684,30598.71
117,37.492593,127.01982,45417.35
118,37.492593,127.020956,45417.35
119,37.492593,127.022092,17511.62
120,37.492593,127.023227,17511.62
121,37.492593,127.024363,17511.62
122,37.492593,127.025499,24817.94
123,37.492593,127.026634,24817.94
124,37.492593,127.02777,69714.25
125,37.492593,127.028906,69714.25
126,37.492593,127.030041,69714.25
127,37.492593,127.031177,21662.95
128,37.492593,127.032313,21662.95
129,37.492593,127.033448,24659.26
130,37.492593,127.034584,24659.26
131,37.492593,127.03572,24659.26
132,37.492593,127.036856,34631.23
133,37.492593,127.037991,34631.23
134,37.492593,127.039127,38942.03
135,37.492593,127.040263,38942.03
136,37.492593,127.041398,38942.03
137,37.492593,127.042534,40424.2
138,37.492593,127.04367,40424.2
139,37.492593,127.044805,47222.05
140,37.492593,127.045941,47222.05
141,37.492593,127.047077,47222.05
142,37.493494,127.014142,71281.49
143,37.493494,127.015277,71281.49
144,37.493494,127.016413,30598.71
145,37.493494,127.017549,30598.71
146,37.493494,127.018684,30598.71
147,37.493494,127.01982,45417.35
148,37.493494,127.020956,45417.35
149,37.493494,127.022092,17511.62
150,37.493494,127.023227,17511.62
151,37.493494,127.024363,17511.62
152,37.493494,127.025499,24817.94
153,37.493494,127.026634,24817.94
154,37.493494,127.02777,69714.25
155,37.493494,127.028906,69714.25
156,37.493494,127.030041,69714.25
157,37.493494,127.031177,21662.95
158,37.493494,127.032313,21662.95
159,37.493494,127.033448,24659.26
160,37.493494,127.034584,24659.26
161,37.493494,127.03572,24659.26
162,37.493494,127.036856,34631.23
163,37.493494,127.037991,34631.23
164,37.493494,127.039127,38942.03
165,37.493494,127.040263,38942.03
166,37.493494,127.041398,38942.03
167,37.493494,127.042534,40424.2
168,37.493494,127.04367,40424.2
169,37.493494,127.044805,47222.05
170,37.493494,127.045941,47222.05
171,37.493494,127.047077,47222.05
172,37.493494,127.048212,2776.65
173,37.493494,127.049348,2776.65
174,37.493494,127.050484,64494.81
175,37.494394,127.014142,48888.39
176,37.494394,127.015277,48888.39
177,37.494394,127.016413,15727.89
178,37.494394,127.017549,15727.89
179,37.494394,127.018684,15727.89
180,37.494394,127.01982,61672.1
181,37.494394,127.020956,61672.1
182,37.494394,127.022092,10968.62
183,37.494394,127.023227,10968.62
184,37.494394,127.024363,10968.62
185,37.494394,127.025499,42131.38
186,37.494394,127.026634,42131.38
187,37.494394,127.02777,129006.0
188,37.494394,127.028906,129006.0
189,37.494394,127.030041,129006.0
190,37.494394,127.031177,47008.65
191,37.494394,127.032313,47008.65
192,37.494394,127.033448,10975.72
193,37.494394,127.034584,10975.72
194,37.494394,127.03572,10975.72
195,37.494394,127.036856,72237.84
196,37.494394,127.037991,72237.84
197,37.494394,127.039127,31104.25
198,37.494394,127.040263,31104.25
199,37.494394,127.041398,31104.25
200,37.494394,127.042534,26828.7
201,37.494394,127.04367,26828.7
202,37.494394,127.044805,80894.27
203,37.494394,127.045941,80894.27
204,37.494394,127.047077,80894.27
205,37.494394,127.048212,62313.55
206,37.494394,127.049348,2776.65
207,37.494394,127.050484,64494.81
208,37.494394,127.05162,64494.81
209,37.494394,127.052755,64494.81
210,37.494394,127.053891,51838.14
211,37.495295,127.014142,48888.39
212,37.495295,127.015277,48888.39
213,37.495295,127.016413,15727.89
214,37.495295,127.017549,15727.89
215,37.495295,127.018684,15727.89
216,37.495295,127.01982,61672.1
217,37.495295,127.020956,61672.1
218,37.495295,127.022092,10968.62
219,37.495295,127.023227,10968.62
220,37.495295,127.024363,10968.62
221,37.495295,127.025499,42131.38
222,37.495295,127.026634,42131.38
223,37.495295,127.02777,129006.0
224,37.495295,127.028906,129006.0
225,37.495295,127.030041,129006.0
226,37.495295,127.031177,47008.65
227,37.495295,127.032313,47008.65
228,37.495295,127.033448,10975.72
229,37.495295,127.034584,10975.72
230,37.495295,127.03572,10975.72
231,37.495295,127.036856,72237.84
232,37.495295,127.037991,72237.84
233,37.495295,127.039127,31104.25
234,37.495295,127.040263,31104.25
235,37.495295,127.041398,31104.25
236,37.495295,127.042534,26828.7
237,37.495295,127.04367,26828.7
238,37.495295,127.044805,80894.27
239,37.495295,127.045941,80894.27
240,37.495295,127.047077,80894.27
241,37.495295,127.048212,62313.55
242,37.495295,127.049348,62313.55
243,37.495295,127.050484,177314.08
244,37.495295,127.05162,177314.08
245,37.495295,127.052755,177314.08
246,37.495295,127.053891,86610.18
247,37.495295,127.055027,86610.18
248,37.495295,127.056162,20258.55
249,37.495295,127.057298,20258.55
250,37.496196,127.013006,13761.33
251,37.496196,127.014142,48888.39
252,37.496196,127.015277,48888.39
253,37.496196,127.016413,15727.89
254,37.496196,127.017549,15727.89
255,37.496196,127.018684,15727.89
256,37.496196,127.01982,61672.1
257,37.496196,127.020956,61672.1
258,37.496196,127.022092,10968.62
259,37.496196,127.023227,10968.62
260,37.496196,127.024363,10968.62
261,37.496196,127.025499,42131.38
262,37.496196,127.026634,42131.38
263,37.496196,127.02777,129006.0
264,37.496196,127.028906,129006.0
265,37.496196,127.030041,129006.0
266,37.496196,127.031177,47008.65
267,37.496196,127.032313,47008.65
268,37.496196,127.033448,10975.72
269,37.496196,127.034584,10975.72
270,37.496196,127.03572,10975.72
271,37.496196,127.036856,72237.84
272,37.496196,127.037991,72237.84
273,37.496196,127.039127,31104.25
274,37.496196,127.040263,31104.25
275,37.496196,127.041398,31104.25
276,37.496196,127.042534,26828.7
277,37.496196,127.04367,26828.7
278,37.496196,127.044805,80894.27
279,37.496196,127.045941,80894.27
280,37.496196,127.047077,80894.27
281,37.496196,127.048212,62313.55
282,37.496196,127.049348,62313.55
283,37.496196,127.050484,177314.08
284,37.496196,127.05162,177314.08
285,37.496196,127.052755,177314.08
286,37.496196,127.053891,86610.18
287,37.496196,127.055027,86610.18
288,37.496196,127.056162,20258.55
289,37.496196,127.057298,20258.55
290,37.496196,127.058434,20258.55
291,37.496196,127.059569,172490.44
292,37.496196,127.060705,172490.44
293,37.497097,127.013006,84714.63
294,37.497097,127.014142,61995.39
295,37.497097,127.015277,61995.39
296,37.497097,127.016413,58208.14
297,37.497097,127.017549,58208.14
298,37.497097,127.018684,58208.14
299,37.497097,127.01982,44677.51
300,37.497097,127.020956,44677.51
301,37.497097,127.022092,37422.64
302,37.497097,127.023227,37422.64
303,37.497097,127.024363,37422.64
304,37.497097,127.025499,110355.77
305,37.497097,127.026634,110355.77
306,37.497097,127.02777,79651.53
307,37.497097,127.028906,79651.53
308,37.497097,127.030041,79651.53
309,37.497097,127.031177,12130.46
310,37.497097,127.032313,12130.46
311,37.497097,127.033448,84839.61
312,37.497097,127.034584,84839.61
313,37.497097,127.03572,84839.61
314,37.497097,127.036856,6302.74
315,37.497097,127.037991,6302.74
316,37.497097,127.039127,50776.18
317,37.497097,127.040263,50776.18
318,37.497097,127.041398,50776.18
319,37.497097,127.042534,36323.62
320,37.497097,127.04367,36323.62
321,37.497097,127.044805,71038.3
322,37.497097,127.045941,71038.3
323,37.497097,127.047077,71038.3
324,37.497097,127.048212,79888.85
325,37.497097,127.049348,79888.85
326,37.497097,127.050484,31753.87
327,37.497097,127.05162,31753.87
328,37.497097,127.052755,31753.87
329,37.497097,127.053891,51729.47
330,37.497097,127.055027,51729.47
331,37.497097,127.056162,55834.26
332,37.497097,127.057298,55834.26
333,37.497097,127.058434,55834.26
334,37.497097,127.059569,21778.18
335,37.497097,127.060705,21778.18
336,37.497097,127.061841,52092.27
337,37.497097,127.062976,52092.27
338,37.497097,127.064112,52092.27
339,37.497097,127.065248,81753.11
340,37.497998,127.013006,84714.63
341,37.497998,127.014142,61995.39
342,37.497998,127.015277,61995.39
343,37.497998,127.016413,58208.14
344,37.497998,127.017549,58208.14
345,37.497998,127.018684,58208.14
346,37.497998,127.01982,44677.51
347,37.497998,127.020956,44677.51
348,37.497998,127.022092,37422.64
349,37.497998,127.023227,37422.64
350,37.497998,127.024363,37422.64
351,37.497998,127.025499,110355.77
352,37.497998,127.026634,110355.77
353,37.497998,127.02777,79651.53
354,37.497998,127.028906,79651.53
355,37.497998,127.030041,79651.53
356,37.497998,127.031177,12130.46
357,37.497998,127.032313,12130.46
358,37.497998,127.033448,84839.61
359,37.497998,127.034584,84839.61
360,37.497998,127.03572,84839.61
361,37.497998,127.036856,6302.74
362,37.497998,127.037991,6302.74
363,37.497998,127.039127,50776.18
364,37.497998,127.040263,50776.18
365,37.497998,127.041398,50776.18
366,37.497998,127.042534,36323.62
367,37.497998,127.04367,36323.62
368,37.497998,127.044805,71038.3
369,37.497998,127.045941,71038.3
370,37.497998,127.047077,71038.3
371,37.497998,127.048212,79888.85
372,37.497998,127.049348,79888.85
373,37.497998,127.050484,31753.87
374,37.497998,127.05162,31753.87
375,37.497998,127.052755,31753.87
376,37.497998,127.053891,51729.47
377,37.497998,127.055027,51729.47
378,37.497998,127.056162,55834.26
379,37.497998,127.057298,55834.26
380,37.497998,127.058434,55834.26
381,37.497998,127.059569,21778.18
382,37.497998,127.060705,21778.18
383,37.497998,127.061841,52092.27
384,37.497998,127.062976,52092.27
385,37.497998,127.064112,52092.27
386,37.497998,127.065248,81753.11
387,37.497998,127.066384,81753.11
388,37.497998,127.067519,82758.74
389,37.497998,127.068655,82758.74
390,37.498899,127.01187,72056.43
391,37.498899,127.013006,72056.43
392,37.498899,127.014142,18275.12
393,37.498899,127.015277,18275.12
394,37.498899,127.016413,42447.36
395,37.498899,127.017549,42447.36
396,37.498899,127.018684,42447.36
397,37.498899,127.01982,61383.54
398,37.498899,127.020956,61383.54
399,37.498899,127.022092,70813.91
400,37.498899,127.023227,70813.91
401,37.498899,127.024363,70813.91
402,37.498899,127.025499,74470.55
403,37.498899,127.026634,74470.55
404,37.498899,127.02777,55577.81
405,37.498899,127.028906,55577.81
406,37.498899,127.030041,55577.81
407,37.498899,127.031177,50226.76
408,37.498899,127.032313,50226.76
409,37.498899,127.033448,32822.38
410,37.498899,127.034584,32822.38
411,37.498899,127.03572,32822.38
412,37.498899,127.036856,24876.82
413,37.498899,127.037991,24876.82
414,37.498899,127.039127,32253.31
415,37.498899,127.040263,32253.31
416,37.498899,127.041398,32253.31
417,37.498899,127.042534,59964.25
418,37.498899,127.04367,59964.25
419,37.498899,127.044805,19073.47
420,37.498899,127.045941,19073.47
421,37.498899,127.047077,19073.47
422,37.498899,127.048212,42309.24
423,37.498899,127.049348,79888.85
424,37.498899,127.050484,31753.87
425,37.498899,127.05162,31753.87
426,37.498899,127.052755,31753.87
427,37.498899,127.053891,51729.47
428,37.498899,127.055027,51729.47
429,37.498899,127.056162,55834.26
430,37.498899,127.057298,55834.26
431,37.498899,127.058434,55834.26
432,37.498899,127.059569,21778.18
433,37.498899,127.060705,21778.18
434,37.498899,127.061841,52092.27
435,37.498899,127.062976,52092.27
436,37.498899,127.064112,52092.27
437,37.498899,127.065248,81753.11
438,37.498899,127.066384,81753.11
439,37.498899,127.067519,82758.74
440,37.498899,127.068655,82758.74
441,37.498899,127.069791,82758.74
442,37.498899,127.070926,7152.41
443,37.498899,127.072062,7152.41
444,37.4998,127.01187,72056.43
445,37.4998,127.013006,72056.43
446,37.4998,127.014142,18275.12
447,37.4998,127.015277,18275.12
448,37.4998,127.016413,42447.36
449,37.4998,127.017549,42447.36
450,37.4998,127.018684,42447.36
451,37.4998,127.01982,61383.54
452,37.4998,127.020956,61383.54
453,37.4998,127.022092,70813.91
454,37.4998,127.023227,70813.91
455,37.4998,127.024363,70813.91
456,37.4998,127.025499,74470.55
457,37.4998,127.026634,74470.55
458,37.4998,127.02777,55577.81
459,37.4998,127.028906,55577.81
460,37.4998,127.030041,55577.81
461,37.4998,127.031177,50226.76
462,37.4998,127.032313,50226.76
463,37.4998,127.033448,32822.38
464,37.4998,127.034584,32822.38
465,37.4998,127.03572,32822.38
466,37.4998,127.036856,24876.82
467,37.4998,127.037991,24876.82
468,37.4998,127.039127,32253.31
469,37.4998,127.040263,32253.31
470,37.4998,127.041398,32253.31
471,37.4998,127.042534,59964.25
472,37.4998,127.04367,59964.25
473,37.4998,127.044805,19073.47
474,37.4998,127.045941,19073.47
475,37.4998,127.047077,19073.47
476,37.4998,127.048212,42309.24
477,37.4998,127.049348,42309.24
478,37.4998,127.050484,213508.44
479,37.4998,127.05162,213508.44
480,37.4998,127.052755,213508.44
481,37.4998,127.053891,14668.5
482,37.4998,127.055027,14668.5
483,37.4998,127.056162,100431.19
484,37.4998,127.057298,100431.19
485,37.4998,127.058434,100431.19
486,37.4998,127.059569,181185.67
487,37.4998,127.060705,181185.67
488,37.4998,127.061841,123770.79
489,37.4998,127.062976,123770.79
490,37.4998,127.064112,123770.79
491,37.4998,127.065248,42138.53
492,37.4998,127.066384,42138.53
493,37.4998,127.067519,969.83
494,37.4998,127.068655,969.83
495,37.4998,127.069791,969.83
496,37.4998,127.070926,22183.82
497,37.4998,127.072062,22183.82
498,37.500701,127.01187,72056.43
499,37.500701,127.013006,72056.43
500,37.500701,127.014142,18275.12
501,37.500701,127.015277,18275.12
502,37.500701,127.016413,42447.36
503,37.500701,127.017549,42447.36
504,37.500701,127.018684,42447.36
505,37.500701,127.01982,61383.54
506,37.500701,127.020956,61383.54
507,37.500701,127.022092,70813.91
508,37.500701,127.023227,70813.91
509,37.500701,127.024363,70813.91
510,37.500701,127.025499,74470.55
511,37.500701,127.026634,74470.55
512,37.500701,127.02777,55577.81
513,37.500701,127.028906,55577.81
514,37.500701,127.030041,55577.81
515,37.500701,127.031177,50226.76
516,37.500701,127.032313,50226.76
517,37.500701,127.033448,32822.38
518,37.500701,127.034584,32822.38
519,37.500701,127.03572,32822.38
520,37.500701,127.036856,24876.82
521,37.500701,127.037991,24876.82
522,37.500701,127.039127,32253.31
523,37.500701,127.040263,32253.31
524,37.500701,127.041398,32253.31
525,37.500701,127.042534,59964.25
526,37.500701,127.04367,59964.25
527,37.500701,127.044805,19073.47
528,37.500701,127.045941,19073.47
529,37.500701,127.047077,19073.47
530,37.500701,127.048212,42309.24
531,37.500701,127.049348,42309.24
532,37.500701,127.050484,213508.44
533,37.500701,127.05162,213508.44
534,37.500701,127.052755,213508.44
535,37.500701,127.053891,14668.5
536,37.500701,127.055027,14668.5
537,37.500701,127.056162,100431.19
538,37.500701,127.057298,100431.19
539,37.500701,127.058434,100431.19
540,37.500701,127.059569,181185.67
541,37.500701,127.060705,181185.67
542,37.500701,127.061841,123770.79
543,37.500701,127.062976,123770.79
544,37.500701,127.064112,123770.79
545,37.500701,127.065248,42138.53
546,37.500701,127.066384,42138.53
547,37.500701,127.067519,969.83
548,37.500701,127.068655,969.83
549,37.501602,127.01187,104560.8
550,37.501602,127.013006,104560.8
551,37.501602,127.014142,51985.27
552,37.501602,127.015277,51985.27
553,37.501602,127.016413,49261.33
554,37.501602,127.017549,49261.33
555,37.501602,127.018684,49261.33
556,37.501602,127.01982,35918.38
557,37.501602,127.020956,35918.38
558,37.501602,127.022092,87099.89
559,37.501602,127.023227,87099.89
560,37.501602,127.024363,87099.89
561,37.501602,127.025499,119395.08
562,37.501602,127.026634,119395.08
563,37.501602,127.02777,34659.94
564,37.501602,127.028906,34659.94
565,37.501602,127.030041,34659.94
566,37.501602,127.031177,28082.16
567,37.501602,127.032313,28082.16
568,37.501602,127.033448,27982.14
569,37.501602,127.034584,27982.14
570,37.501602,127.03572,27982.14
571,37.501602,127.036856,37437.94
572,37.501602,127.037991,37437.94
573,37.501602,127.039127,56780.31
574,37.501602,127.040263,56780.31
575,37.501602,127.041398,56780.31
576,37.501602,127.042534,43871.83
577,37.501602,127.04367,43871.83
578,37.501602,127.044805,40540.42
579,37.501602,127.045941,40540.42
580,37.501602,127.047077,40540.42
581,37.501602,127.048212,43654.06
582,37.501602,127.049348,43654.06
583,37.501602,127.050484,59596.78
584,37.501602,127.05162,59596.78
585,37.501602,127.052755,59596.78
586,37.501602,127.053891,2154.05
587,37.501602,127.055027,2154.05
588,37.501602,127.056162,31980.64
589,37.501602,127.057298,31980.64
590,37.501602,127.058434,31980.64
591,37.501602,127.059569,86649.94
592,37.501602,127.060705,86649.94
593,37.501602,127.061841,12276.69
594,37.501602,127.062976,12276.69
595,37.501602,127.064112,12276.69
596,37.501602,127.065248,2075.52
597,37.501602,127.066384,2075.52
598,37.501602,127.067519,14534.47
599,37.501602,127.068655,14534.47
600,37.502503,127.010735,104560.8
601,37.502503,127.01187,104560.8
602,37.502503,127.013006,104560.8
603,37.502503,127.014142,51985.27
604,37.502503,127.015277,51985.27
605,37.502503,127.016413,49261.33
606,37.502503,127.017549,49261.33
607,37.502503,127.018684,49261.33
608,37.502503,127.01982,35918.38
609,37.502503,127.020956,35918.38
610,37.502503,127.022092,87099.89
611,37.502503,127.023227,87099.89
612,37.502503,127.024363,87099.89
613,37.502503,127.025499,119395.08
614,37.502503,127.026634,119395.08
615,37.502503,127.02777,34659.94
616,37.502503,127.028906,34659.94
617,37.502503,127.030041,34659.94
618,37.502503,127.031177,28082.16
619,37.502503,127.032313,28082.16
620,37.502503,127.033448,27982.14
621,37.502503,127.034584,27982.14
622,37.502503,127.03572,27982.14
623,37.502503,127.036856,37437.94
624,37.502503,127.037991,37437.94
625,37.502503,127.039127,56780.31
626,37.502503,127.040263,56780.31
627,37.502503,127.041398,56780.31
628,37.502503,127.042534,43871.83
629,37.502503,127.04367,43871.83
630,37.502503,127.044805,40540.42
631,37.502503,127.045941,40540.42
632,37.502503,127.047077,40540.42
633,37.502503,127.048212,43654.06
634,37.502503,127.049348,43654.06
635,37.502503,127.050484,59596.78
636,37.502503,127.05162,59596.78
637,37.502503,127.052755,59596.78
638,37.502503,127.053891,2154.05
639,37.502503,127.055027,2154.05
640,37.502503,127.056162,31980.64
641,37.502503,127.057298,31980.64
642,37.502503,127.058434,31980.64
643,37.502503,127.059569,86649.94
644,37.502503,127.060705,86649.94
645,37.502503,127.061841,12276.69
646,37.502503,127.062976,12276.69
647,37.502503,127.064112,12276.69
648,37.502503,127.065248,2075.52
649,37.502503,127.066384,2075.52
650,37.502503,127.067519,14534.47
651,37.502503,127.068655,14534.47
652,37.502503,127.069791,14534.47
653,37.503403,127.010735,20436.65
654,37.503403,127.01187,20436.65
655,37.503403,127.013006,20436.65
656,37.503403,127.014142,10797.07
657,37.503403,127.015277,10797.07
658,37.503403,127.016413,53517.37
659,37.503403,127.017549,53517.37
660,37.503403,127.018684,53517.37
661,37.503403,127.01982,52023.48
662,37.503403,127.020956,52023.48
663,37.503403,127.022092,9439.82
664,37.503403,127.023227,9439.82
665,37.503403,127.024363,9439.82
666,37.503403,127.025499,37846.23
667,37.503403,127.026634,37846.23
668,37.503403,127.02777,12591.98
669,37.503403,127.028906,12591.98
670,37.503403,127.030041,12591.98
671,37.503403,127.031177,21527.25
672,37.503403,127.032313,21527.25
673,37.503403,127.033448,42892.49
674,37.503403,127.034584,42892.49
675,37.503403,127.03572,42892.49
676,37.503403,127.036856,54598.62
677,37.503403,127.037991,54598.62
678,37.503403,127.039127,58274.55
679,37.503403,127.040263,58274.55
680,37.503403,127.041398,58274.55
681,37.503403,127.042534,22001.37
682,37.503403,127.04367,22001.37
683,37.503403,127.044805,40699.73
684,37.503403,127.045941,40699.73
685,37.503403,127.047077,40699.73
686,37.503403,127.048212,43654.06
687,37.503403,127.049348,43654.06
688,37.503403,127.050484,59596.78
689,37.503403,127.05162,59596.78
690,37.503403,127.052755,59596.78
691,37.503403,127.053891,2154.05
692,37.503403,127.055027,2154.05
693,37.503403,127.056162,31980.64
694,37.503403,127.057298,31980.64
695,37.503403,127.058434,31980.64
696,37.503403,127.059569,86649.94
697,37.503403,127.060705,86649.94
698,37.503403,127.061841,12276.69
699,37.503403,127.062976,12276.69
700,37.503403,127.064112,12276.69
701,37.503403,127.065248,2075.52
702,37.503403,127.066384,2075.52
703,37.503403,127.067519,14534.47
704,37.503403,127.068655,14534.47
705,37.503403,127.069791,14534.47
706,37.504304,127.010735,20436.65
707,37.504304,127.01187,20436.65
708,37.504304,127.013006,20436.65
709,37.504304,127.014142,10797.07
710,37.504304,127.015277,10797.07
711,37.504304,127.016413,53517.37
712,37.504304,127.017549,53517.37
713,37.504304,127.018684,53517.37
714,37.504304,127.01982,52023.48
715,37.504304,127.020956,52023.48
716,37.504304,127.022092,9439.82
717,37.504304,127.023227,9439.82
718,37.504304,127.024363,9439.82
719,37.504304,127.025499,37846.23
720,37.504304,127.026634,37846.23
721,37.504304,127.02777,12591.98
722,37.504304,127.028906,12591.98
723,37.504304,127.030041,12591.98
724,37.504304,127.031177,21527.25
725,37.504304,127.032313,21527.25
726,37.504304,127.033448,42892.49
727,37.504304,127.034584,42892.49
728,37.504304,127.03572,42892.49
729,37.504304,127.036856,54598.62
730,37.504304,127.037991,54598.62
731,37.504304,127.039127,58274.55
732,37.504304,127.040263,58274.55
733,37.504304,127.041398,58274.55
734,37.504304,127.042534,22001.37
735,37.504304,127.04367,22001.37
736,37.504304,127.044805,40699.73
737,37.504304,127.045941,40699.73
738,37.504304,127.047077,40699.73
739,37.504304,127.048212,31532.59
740,37.504304,127.049348,31532.59
741,37.504304,127.050484,115819.07
742,37.504304,127.05162,115819.07
743,37.504304,127.052755,115819.07
744,37.504304,127.053891,115950.28
745,37.504304,127.055027,115950.28
746,37.504304,127.056162,50387.95
747,37.504304,127.057298,50387.95
748,37.504304,127.058434,50387.95
749,37.504304,127.059569,32090.1
750,37.504304,127.060705,32090.1
751,37.504304,127.061841,42037.68
752,37.504304,127.062976,42037.68
753,37.504304,127.064112,42037.68
754,37.504304,127.065248,17790.71
755,37.504304,127.066384,17790.71
756,37.504304,127.067519,2569.18
757,37.504304,127.068655,2569.18
758,37.504304,127.069791,2569.18
759,37.504304,127.070926,4835.38
760,37.505205,127.009599,27191.25
761,37.505205,127.010735,20436.65
762,37.505205,127.01187,20436.65
763,37.505205,127.013006,20436.65
764,37.505205,127.014142,10797.07
765,37.505205,127.015277,10797.07
766,37.505205,127.016413,53517.37
767,37.505205,127.017549,53517.37
768,37.505205,127.018684,53517.37
769,37.505205,127.01982,52023.48
770,37.505205,127.020956,52023.48
771,37.505205,127.022092,9439.82
772,37.505205,127.023227,9439.82
773,37.505205,127.024363,9439.82
774,37.505205,127.025499,37846.23
775,37.505205,127.026634,37846.23
776,37.505205,127.02777,12591.98
777,37.505205,127.028906,12591.98
778,37.505205,127.030041,12591.98
779,37.505205,127.031177,21527.25
780,37.505205,127.032313,21527.25
781,37.505205,127.033448,42892.49
782,37.505205,127.034584,42892.49
783,37.505205,127.03572,42892.49
784,37.505205,127.036856,54598.62
785,37.505205,127.037991,54598.62
786,37.505205,127.039127,58274.55
787,37.505205,127.040263,58274.55
788,37.505205,127.041398,58274.55
789,37.505205,127.042534,22001.37
790,37.505205,127.04367,22001.37
791,37.505205,127.044805,40699.73
792,37.505205,127.045941,40699.73
793,37.505205,127.047077,40699.73
794,37.505205,127.048212,31532.59
795,37.505205,127.049348,31532.59
796,37.505205,127.050484,115819.07
797,37.505205,127.05162,115819.07
798,37.505205,127.052755,115819.07
799,37.505205,127.053891,115950.28
800,37.505205,127.055027,115950.28
801,37.505205,127.056162,50387.95
802,37.505205,127.057298,50387.95
803,37.505205,127.058434,50387.95
804,37.505205,127.059569,32090.1
805,37.505205,127.060705,32090.1
806,37.505205,127.061841,42037.68
807,37.505205,127.062976,42037.68
808,37.505205,127.064112,42037.68
809,37.505205,127.065248,17790.71
810,37.505205,127.066384,17790.71
811,37.505205,127.067519,2569.18
812,37.505205,127.070926,4835.38
813,37.506106,127.009599,41731.75
814,37.506106,127.010735,66961.98
815,37.506106,127.01187,66961.98
816,37.506106,127.013006,66961.98
817,37.506106,127.014142,45693.27
818,37.506106,127.015277,45693.27
819,37.506106,127.016413,113741.77
820,37.506106,127.017549,113741.77
821,37.506106,127.018684,113741.77
822,37.506106,127.01982,22416.57
823,37.506106,127.020956,22416.57
824,37.506106,127.022092,60718.56
825,37.506106,127.023227,60718.56
826,37.506106,127.024363,60718.56
827,37.506106,127.025499,67381.26
828,37.506106,127.026634,67381.26
829,37.506106,127.02777,11931.32
830,37.506106,127.028906,11931.32
831,37.506106,127.030041,11931.32
832,37.506106,127.031177,49747.96
833,37.506106,127.032313,49747.96
834,37.506106,127.033448,30847.14
835,37.506106,127.034584,30847.14
836,37.506106,127.03572,30847.14
837,37.506106,127.036856,35636.6
838,37.506106,127.037991,35636.6
839,37.506106,127.039127,37587.14
840,37.506106,127.040263,37587.14
841,37.506106,127.041398,37587.14
842,37.506106,127.042534,16169.78
843,37.506106,127.04367,16169.78
844,37.506106,127.044805,35775.05
845,37.506106,127.045941,35775.05
846,37.506106,127.047077,35775.05
847,37.506106,127.048212,60632.65
848,37.506106,127.049348,60632.65
849,37.506106,127.050484,24986.64
850,37.506106,127.05162,24986.64
851,37.506106,127.052755,24986.64
852,37.506106,127.053891,39605.43
853,37.506106,127.055027,39605.43
854,37.506106,127.056162,18245.26
855,37.506106,127.057298,18245.26
856,37.506106,127.058434,18245.26
857,37.506106,127.059569,32022.49
858,37.506106,127.060705,32022.49
859,37.506106,127.061841,24892.63
860,37.506106,127.062976,24892.63
861,37.506106,127.064112,24892.63
862,37.506106,127.065248,14249.13
863,37.506106,127.066384,14249.13
864,37.506106,127.067519,14638.24
865,37.507007,127.009599,41731.75
866,37.507007,127.010735,66961.98
867,37.507007,127.01187,66961.98
868,37.507007,127.013006,66961.98
869,37.507007,127.014142,45693.27
870,37.507007,127.015277,45693.27
871,37.507007,127.016413,113741.77
872,37.507007,127.017549,113741.77
873,37.507007,127.018684,113741.77
874,37.507007,127.01982,22416.57
875,37.507007,127.020956,22416.57
876,37.507007,127.022092,60718.56
877,37.507007,127.023227,60718.56
878,37.507007,127.024363,60718.56
879,37.507007,127.025499,67381.26
880,37.507007,127.026634,67381.26
881,37.507007,127.02777,11931.32
882,37.507007,127.028906,11931.32
883,37.507007,127.030041,11931.32
884,37.507007,127.031177,49747.96
885,37.507007,127.032313,49747.96
886,37.507007,127.033448,30847.14
887,37.507007,127.034584,30847.14
888,37.507007,127.03572,30847.14
889,37.507007,127.036856,35636.6
890,37.507007,127.037991,35636.6
891,37.507007,127.039127,37587.14
892,37.507007,127.040263,37587.14
893,37.507007,127.041398,37587.14
894,37.507007,127.042534,16169.78
895,37.507007,127.04367,16169.78
896,37.507007,127.044805,35775.05
897,37.507007,127.045941,35775.05
898,37.507007,127.047077,35775.05
899,37.507007,127.048212,60632.65
900,37.507007,127.049348,60632.65
901,37.507007,127.050484,24986.64
902,37.507007,127.05162,24986.64
903,37.507007,127.052755,24986.64
904,37.507007,127.053891,39605.43
905,37.507007,127.055027,39605.43
906,37.507007,127.056162,18245.26
907,37.507007,127.057298,18245.26
908,37.507007,127.058434,18245.26
909,37.507007,127.059569,32022.49
910,37.507007,127.060705,32022.49
911,37.507007,127.061841,24892.63
912,37.507007,127.062976,24892.63
913,37.507007,127.064112,24892.63
914,37.507007,127.065248,14249.13
915,37.507007,127.066384,14249.13
916,37.507007,127.067519,14638.24
917,37.507908,127.009599,78148.38
918,37.507908,127.010735,71486.46
919,37.507908,127.01187,71486.46
920,37.507908,127.013006,71486.46
921,37.507908,127.016413,47358.18
922,37.507908,127.017549,47358.18
923,37.507908,127.018684,47358.18
924,37.507908,127.01982,89211.11
925,37.507908,127.020956,89211.11
926,37.507908,127.022092,43380.04
927,37.507908,127.023227,43380.04
928,37.507908,127.024363,43380.04
929,37.507908,127.025499,49763.29
930,37.507908,127.026634,49763.29
931,37.507908,127.02777,36657.43
932,37.507908,127.028906,36657.43
933,37.507908,127.030041,36657.43
934,37.507908,127.031177,38138.9
935,37.507908,127.032313,38138.9
936,37.507908,127.033448,28928.47
937,37.507908,127.034584,28928.47
938,37.507908,127.03572,28928.47
939,37.507908,127.036856,36831.16
940,37.507908,127.037991,36831.16
941,37.507908,127.039127,31027.4
942,37.507908,127.040263,31027.4
943,37.507908,127.041398,31027.4
944,37.507908,127.042534,37265.43
945,37.507908,127.04367,37265.43
946,37.507908,127.044805,194.01
947,37.507908,127.045941,194.01
948,37.507908,127.047077,194.01
949,37.507908,127.048212,60632.65
950,37.507908,127.049348,60632.65
951,37.507908,127.050484,24986.64
952,37.507908,127.05162,24986.64
953,37.507908,127.052755,24986.64
954,37.507908,127.053891,39605.43
955,37.507908,127.055027,39605.43
956,37.507908,127.056162,18245.26
957,37.507908,127.057298,18245.26
958,37.507908,127.058434,18245.26
959,37.507908,127.059569,32022.49
960,37.507908,127.060705,32022.49
961,37.507908,127.061841,24892.63
962,37.507908,127.062976,24892.63
963,37.507908,127.064112,24892.63
964,37.507908,127.065248,14249.13
965,37.507908,127.066384,14249.13
966,37.507908,127.067519,14638.24
967,37.508809,127.008463,78148.38
968,37.508809,127.009599,78148.38
969,37.508809,127.010735,71486.46
970,37.508809,127.01187,71486.46
971,37.508809,127.013006,71486.46
972,37.508809,127.016413,47358.18
973,37.508809,127.017549,47358.18
974,37.508809,127.018684,47358.18
975,37.508809,127.01982,89211.11
976,37.508809,127.020956,89211.11
977,37.508809,127.022092,43380.04
978,37.508809,127.023227,43380.04
979,37.508809,127.024363,43380.04
980,37.508809,127.025499,49763.29
981,37.508809,127.026634,49763.29
982,37.508809,127.02777,36657.43
983,37.508809,127.028906,36657.43
984,37.508809,127.030041,36657.43
985,37.508809,127.031177,38138.9
986,37.508809,127.032313,38138.9
987,37.508809,127.033448,28928.47
988,37.508809,127.034584,28928.47
989,37.508809,127.03572,28928.47
990,37.508809,127.036856,36831.16
991,37.508809,127.037991,36831.16
992,37.508809,127.039127,31027.4
993,37.508809,127.040263,31027.4
994,37.508809,127.041398,31027.4
995,37.508809,127.042534,37265.43
996,37.508809,127.04367,37265.43
997,37.508809,127.044805,194.01
998,37.508809,127.045941,194.01
999,37.508809,127.047077,194.01
1000,37.508809,127.048212,194.01
1001,37.508809,127.049348,5148.82
1002,37.508809,127.050484,5148.82
1003,37.508809,127.05162,5148.82
1004,37.508809,127.052755,5148.82
1005,37.508809,127.053891,45155.55
1006,37.508809,127.055027,45155.55
1007,37.508809,127.056162,41003.76
1008,37.508809,127.057298,41003.76
1009,37.508809,127.058434,41003.76
1010,37.508809,127.059569,62548.86
1011,37.508809,127.060705,62548.86
1012,37.508809,127.061841,25052.71
1013,37.508809,127.062976,25052.71
1014,37.508809,127.064112,25052.71
1015,37.508809,127.065248,11076.49
1016,37.508809,127.066384,11076.49
1017,37.508809,127.067519,6049.22
1018,37.50971,127.008463,78148.38
1019,37.50971,127.009599,78148.38
1020,37.50971,127.010735,71486.46
1021,37.50971,127.01187,71486.46
1022,37.50971,127.013006,71486.46
1023,37.50971,127.014142,21577.31
1024,37.50971,127.015277,21577.31
1025,37.50971,127.016413,47358.18
1026,37.50971,127.017549,47358.18
1027,37.50971,127.018684,47358.18
1028,37.50971,127.01982,89211.11
1029,37.50971,127.020956,89211.11
1030,37.50971,127.022092,43380.04
1031,37.50971,127.023227,43380.04
1032,37.50971,127.024363,43380.04
1033,37.50971,127.025499,49763.29
1034,37.50971,127.026634,49763.29
1035,37.50971,127.02777,36657.43
1036,37.50971,127.028906,36657.43
1037,37.50971,127.030041,36657.43
1038,37.50971,127.031177,38138.9
1039,37.50971,127.032313,38138.9
1040,37.50971,127.033448,28928.47
1041,37.50971,127.034584,28928.47
1042,37.50971,127.03572,28928.47
1043,37.50971,127.036856,36831.16
1044,37.50971,127.037991,36831.16
1045,37.50971,127.039127,31027.4
1046,37.50971,127.040263,31027.4
1047,37.50971,127.041398,31027.4
1048,37.50971,127.042534,37265.43
1049,37.50971,127.04367,37265.43
1050,37.50971,127.044805,194.01
1051,37.50971,127.045941,194.01
1052,37.50971,127.047077,194.01
1053,37.50971,127.048212,47220.09
1054,37.50971,127.049348,47220.09
1055,37.50971,127.050484,5148.82
1056,37.50971,127.05162,5148.82
1057,37.50971,127.052755,5148.82
1058,37.50971,127.053891,45155.55
1059,37.50971,127.055027,45155.55
1060,37.50971,127.056162,41003.76
1061,37.50971,127.057298,41003.76
1062,37.50971,127.058434,41003.76
1063,37.50971,127.059569,62548.86
1064,37.50971,127.060705,62548.86
1065,37.50971,127.061841,25052.71
1066,37.50971,127.062976,25052.71
1067,37.50971,127.064112,25052.71
1068,37.50971,127.065248,11076.49
1069,37.50971,127.066384,11076.49
1070,37.50971,127.067519,6049.22
1071,37.510611,127.008463,30877.54
1072,37.510611,127.009599,30877.54
1073,37.510611,127.010735,142626.5
1074,37.510611,127.01187,142626.5
1075,37.510611,127.013006,142626.5
1076,37.510611,127.014142,34193.85
1077,37.510611,127.015277,34193.85
1078,37.510611,127.016413,32644.33
1079,37.510611,127.017549,32644.33
1080,37.510611,127.018684,32644.33
1081,37.510611,127.01982,39116.43
1082,37.510611,127.020956,39116.43
1083,37.510611,127.022092,32703.93
1084,37.510611,127.023227,32703.93
1085,37.510611,127.024363,32703.93
1086,37.510611,127.025499,51115.08
1087,37.510611,127.026634,51115.08
1088,37.510611,127.02777,53859.83
1089,37.510611,127.028906,53859.83
1090,37.510611,127.030041,53859.83
1091,37.510611,127.031177,25212.14
1092,37.510611,127.032313,25212.14
1093,37.510611,127.033448,19655.04
1094,37.510611,127.034584,19655.04
1095,37.510611,127.03572,19655.04
1096,37.510611,127.036856,26216.34
1097,37.510611,127.037991,26216.34
1098,37.510611,127.039127,18094.47
1099,37.510611,127.040263,18094.47
1100,37.510611,127.041398,18094.47
1101,37.510611,127.042534,37048.83
1102,37.510611,127.04367,37048.83
1103,37.510611,127.044805,7833.58
1104,37.510611,127.045941,7833.58
1105,37.510611,127.047077,7833.58
1106,37.510611,127.048212,47220.09
1107,37.510611,127.049348,47220.09
1108,37.510611,127.050484,54266.29
1109,37.510611,127.05162,54266.29
1110,37.510611,127.052755,54266.29
1111,37.510611,127.053891,45830.7
1112,37.510611,127.055027,45830.7
1113,37.510611,127.056162,48511.23
1114,37.510611,127.057298,48511.23
1115,37.510611,127.058434,48511.23
1116,37.510611,127.059569,155779.19
1117,37.510611,127.060705,155779.19
1118,37.510611,127.061841,7988.4
1119,37.510611,127.062976,7988.4
1120,37.510611,127.064112,7988.4
1121,37.510611,127.065248,12176.56
1122,37.510611,127.066384,12176.56
1123,37.511512,127.007327,49690.64
1124,37.511512,127.008463,30877.54
1125,37.511512,127.009599,30877.54
1126,37.511512,127.010735,142626.5
1127,37.511512,127.01187,142626.5
1128,37.511512,127.013006,142626.5
1129,37.511512,127.014142,34193.85
1130,37.511512,127.015277,34193.85
1131,37.511512,127.016413,32644.33
1132,37.511512,127.017549,32644.33
1133,37.511512,127.018684,32644.33
1134,37.511512,127.01982,39116.43
1135,37.511512,127.020956,39116.43
1136,37.511512,127.022092,32703.93
1137,37.511512,127.023227,32703.93
1138,37.511512,127.024363,32703.93
1139,37.511512,127.025499,51115.08
1140,37.511512,127.026634,51115.08
1141,37.511512,127.02777,53859.83
1142,37.511512,127.028906,53859.83
1143,37.511512,127.030041,53859.83
1144,37.511512,127.031177,25212.14
1145,37.511512,127.032313,25212.14
1146,37.511512,127.033448,19655.04
1147,37.511512,127.034584,19655.04
1148,37.511512,127.03572,19655.04
1149,37.511512,127.036856,26216.34
1150,37.511512,127.037991,26216.34
1151,37.511512,127.039127,18094.47
1152,37.511512,127.040263,18094.47
1153,37.511512,127.041398,18094.47
1154,37.511512,127.042534,37048.83
1155,37.511512,127.04367,37048.83
1156,37.511512,127.044805,7833.58
1157,37.511512,127.045941,7833.58
1158,37.511512,127.047077,7833.58
1159,37.511512,127.048212,47220.09
1160,37.511512,127.049348,47220.09
1161,37.511512,127.050484,54266.29
1162,37.511512,127.05162,54266.29
1163,37.511512,127.052755,54266.29
1164,37.511512,127.053891,45830.7
1165,37.511512,127.055027,45830.7
1166,37.511512,127.056162,48511.23
1167,37.511512,127.057298,48511.23
1168,37.511512,127.058434,48511.23
1169,37.511512,127.059569,155779.19
1170,37.511512,127.060705,155779.19
1171,37.511512,127.061841,7988.4
1172,37.511512,127.062976,7988.4
1173,37.511512,127.064112,7988.4
1174,37.511512,127.065248,12176.56
1175,37.511512,127.066384,12176.56
1176,37.512412,127.007327,77140.65
1177,37.512412,127.008463,20025.3
1178,37.512412,127.009599,20025.3
1179,37.512412,127.010735,2572.45
1180,37.512412,127.01187,2572.45
1181,37.512412,127.013006,2572.45
1182,37.512412,127.014142,72658.14
1183,37.512412,127.015277,72658.14
1184,37.512412,127.016413,38340.4
1185,37.512412,127.017549,38340.4
1186,37.512412,127.018684,38340.4
1187,37.512412,127.01982,17152.09
1188,37.512412,127.020956,17152.09
1189,37.512412,127.022092,43091.95
1190,37.512412,127.023227,43091.95
1191,37.512412,127.024363,43091.95
1192,37.512412,127.025499,9285.97
1193,37.512412,127.026634,9285.97
1194,37.512412,127.02777,42855.27
1195,37.512412,127.028906,42855.27
1196,37.512412,127.030041,42855.27
1197,37.512412,127.031177,16667.69
1198,37.512412,127.032313,16667.69
1199,37.512412,127.033448,61328.38
1200,37.512412,127.034584,61328.38
1201,37.512412,127.03572,61328.38
1202,37.512412,127.036856,27739.98
1203,37.512412,127.037991,27739.98
1204,37.512412,127.039127,39441.46
1205,37.512412,127.040263,39441.46
1206,37.512412,127.041398,39441.46
1207,37.512412,127.042534,48487.34
1208,37.512412,127.04367,48487.34
1209,37.512412,127.044805,37973.41
1210,37.512412,127.045941,37973.41
1211,37.512412,127.047077,7833.58
1212,37.512412,127.048212,47220.09
1213,37.512412,127.049348,47220.09
1214,37.512412,127.050484,54266.29
1215,37.512412,127.05162,54266.29
1216,37.512412,127.052755,54266.29
1217,37.512412,127.053891,45830.7
1218,37.512412,127.055027,45830.7
1219,37.512412,127.056162,48511.23
1220,37.512412,127.057298,48511.23
1221,37.512412,127.058434,48511.23
1222,37.512412,127.059569,155779.19
1223,37.512412,127.060705,155779.19
1224,37.512412,127.061841,7988.4
1225,37.512412,127.062976,7988.4
1226,37.512412,127.064112,7988.4
1227,37.512412,127.065248,12176.56
1228,37.512412,127.066384,12176.56
1229,37.513313,127.007327,77140.65
1230,37.513313,127.008463,20025.3
1231,37.513313,127.009599,20025.3
1232,37.513313,127.010735,2572.45
1233,37.513313,127.01187,2572.45
1234,37.513313,127.013006,2572.45
1235,37.513313,127.014142,72658.14
1236,37.513313,127.015277,72658.14
1237,37.513313,127.016413,38340.4
1238,37.513313,127.017549,38340.4
1239,37.513313,127.018684,38340.4
1240,37.513313,127.01982,17152.09
1241,37.513313,127.020956,17152.09
1242,37.513313,127.022092,43091.95
1243,37.513313,127.023227,43091.95
1244,37.513313,127.024363,43091.95
1245,37.513313,127.025499,9285.97
1246,37.513313,127.026634,9285.97
1247,37.513313,127.02777,42855.27
1248,37.513313,127.028906,42855.27
1249,37.513313,127.030041,42855.27
1250,37.513313,127.031177,16667.69
1251,37.513313,127.032313,16667.69
1252,37.513313,127.033448,61328.38
1253,37.513313,127.034584,61328.38
1254,37.513313,127.03572,61328.38
1255,37.513313,127.036856,27739.98
1256,37.513313,127.037991,27739.98
1257,37.513313,127.039127,39441.46
1258,37.513313,127.040263,39441.46
1259,37.513313,127.041398,39441.46
1260,37.513313,127.042534,48487.34
1261,37.513313,127.04367,48487.34
1262,37.513313,127.044805,37973.41
1263,37.513313,127.045941,37973.41
1264,37.513313,127.047077,37973.41
1265,37.513313,127.048212,24592.69
1266,37.513313,127.049348,24592.69
1267,37.513313,127.050484,71253.95999999999
1268,37.513313,127.05162,71253.95999999999
1269,37.513313,127.052755,71253.95999999999
1270,37.513313,127.053891,22157.19
1271,37.513313,127.055027,22157.19
1272,37.513313,127.056162,44860.36
1273,37.513313,127.057298,44860.36
1274,37.513313,127.058434,44860.36
1275,37.513313,127.059569,76179.43000000001
1276,37.513313,127.060705,76179.43000000001
1277,37.513313,127.061841,20422.65
1278,37.513313,127.062976,20422.65
1279,37.513313,127.064112,20422.65
1280,37.513313,127.065248,5395.35
1281,37.513313,127.066384,5395.35
1282,37.514214,127.008463,20025.3
1283,37.514214,127.009599,20025.3
1284,37.514214,127.010735,2572.45
1285,37.514214,127.01187,2572.45
1286,37.514214,127.013006,2572.45
1287,37.514214,127.014142,72658.14
1288,37.514214,127.015277,72658.14
1289,37.514214,127.016413,38340.4
1290,37.514214,127.017549,38340.4
1291,37.514214,127.018684,38340.4
1292,37.514214,127.01982,17152.09
1293,37.514214,127.020956,17152.09
1294,37.514214,127.022092,43091.95
1295,37.514214,127.023227,43091.95
1296,37.514214,127.024363,43091.95
1297,37.514214,127.025499,9285.97
1298,37.514214,127.026634,9285.97
1299,37.514214,127.02777,42855.27
1300,37.514214,127.028906,42855.27
1301,37.514214,127.030041,42855.27
1302,37.514214,127.031177,16667.69
1303,37.514214,127.032313,16667.69
1304,37.514214,127.033448,61328.38
1305,37.514214,127.034584,61328.38
1306,37.514214,127.03572,61328.38
1307,37.514214,127.036856,27739.98
1308,37.514214,127.037991,27739.98
1309,37.514214,127.039127,39441.46
1310,37.514214,127.040263,39441.46
1311,37.514214,127.041398,39441.46
1312,37.514214,127.042534,48487.34
1313,37.514214,127.04367,48487.34
1314,37.514214,127.044805,37973.41
1315,37.514214,127.045941,37973.41
1316,37.514214,127.047077,37973.41
1317,37.514214,127.048212,24592.69
1318,37.514214,127.049348,24592.69
1319,37.514214,127.050484,71253.95999999999
1320,37.514214,127.05162,71253.95999999999
1321,37.514214,127.052755,71253.95999999999
1322,37.514214,127.053891,22157.19
1323,37.514214,127.055027,22157.19
1324,37.514214,127.056162,44860.36
1325,37.514214,127.057298,44860.36
1326,37.514214,127.058434,44860.36
1327,37.514214,127.059569,76179.43000000001
1328,37.514214,127.060705,76179.43000000001
1329,37.514214,127.061841,20422.65
1330,37.514214,127.062976,20422.65
1331,37.514214,127.064112,20422.65
1332,37.514214,127.065248,5395.35
1333,37.514214,127.066384,5395.35
1334,37.515115,127.009599,81725.76
1335,37.515115,127.010735,3012.96
1336,37.515115,127.01187,3012.96
1337,37.515115,127.013006,3012.96
1338,37.515115,127.014142,88974.46
1339,37.515115,127.015277,88974.46
1340,37.515115,127.016413,60204.34
1341,37.515115,127.017549,60204.34
1342,37.515115,127.018684,60204.34
1343,37.515115,127.01982,45682.89
1344,37.515115,127.020956,45682.89
1345,37.515115,127.022092,18097.33
1346,37.515115,127.023227,18097.33
1347,37.515115,127.024363,18097.33
1348,37.515115,127.025499,7064.39
1349,37.515115,127.026634,7064.39
1350,37.515115,127.02777,16469.5
1351,37.515115,127.028906,16469.5
1352,37.515115,127.030041,16469.5
1353,37.515115,127.031177,20042.45
1354,37.515115,127.032313,20042.45
1355,37.515115,127.033448,21997.61
1356,37.515115,127.034584,21997.61
1357,37.515115,127.03572,21997.61
1358,37.515115,127.036856,10535.7
1359,37.515115,127.037991,10535.7
1360,37.515115,127.039127,25891.27
1361,37.515115,127.040263,25891.27
1362,37.515115,127.041398,25891.27
1363,37.515115,127.042534,36460.09
1364,37.515115,127.04367,36460.09
1365,37.515115,127.044805,30312.22
1366,37.515115,127.045941,30312.22
1367,37.515115,127.047077,30312.22
1368,37.515115,127.048212,74267.72
1369,37.515115,127.049348,74267.72
1370,37.515115,127.050484,32670.35
1371,37.515115,127.05162,32670.35
1372,37.515115,127.052755,32670.35
1373,37.515115,127.053891,117.43
1374,37.515115,127.055027,117.43
1375,37.515115,127.056162,925.55
1376,37.515115,127.057298,925.55
1377,37.515115,127.058434,925.55
1378,37.515115,127.059569,15697.37
1379,37.515115,127.060705,15697.37
1380,37.515115,127.061841,33052.15
1381,37.515115,127.062976,33052.15
1382,37.515115,127.064112,33052.15
1383,37.515115,127.065248,12618.52
1384,37.515115,127.066384,12618.52
1385,37.516016,127.010735,3012.96
1386,37.516016,127.01187,3012.96
1387,37.516016,127.013006,3012.96
1388,37.516016,127.014142,88974.46
1389,37.516016,127.015277,88974.46
1390,37.516016,127.016413,60204.34
1391,37.516016,127.017549,60204.34
1392,37.516016,127.018684,60204.34
1393,37.516016,127.01982,45682.89
1394,37.516016,127.020956,45682.89
1395,37.516016,127.022092,18097.33
1396,37.516016,127.023227,18097.33
1397,37.516016,127.024363,18097.33
1398,37.516016,127.025499,7064.39
1399,37.516016,127.026634,7064.39
1400,37.516016,127.02777,16469.5
1401,37.516016,127.028906,16469.5
1402,37.516016,127.030041,16469.5
1403,37.516016,127.031177,20042.45
1404,37.516016,127.032313,20042.45
1405,37.516016,127.033448,21997.61
1406,37.516016,127.034584,21997.61
1407,37.516016,127.03572,21997.61
1408,37.516016,127.036856,10535.7
1409,37.516016,127.037991,10535.7
1410,37.516016,127.039127,25891.27
1411,37.516016,127.040263,25891.27
1412,37.516016,127.041398,25891.27
1413,37.516016,127.042534,36460.09
1414,37.516016,127.04367,36460.09
1415,37.516016,127.044805,30312.22
1416,37.516016,127.045941,30312.22
1417,37.516016,127.047077,30312.22
1418,37.516016,127.048212,74267.72
1419,37.516016,127.049348,74267.72
1420,37.516016,127.050484,32670.35
1421,37.516016,127.05162,32670.35
1422,37.516016,127.052755,32670.35
1423,37.516016,127.053891,117.43
1424,37.516016,127.055027,117.43
1425,37.516016,127.056162,925.55
1426,37.516016,127.057298,925.55
1427,37.516016,127.058434,925.55
1428,37.516016,127.059569,15697.37
1429,37.516016,127.060705,15697.37
1430,37.516016,127.061841,33052.15
1431,37.516016,127.062976,33052.15
1432,37.516016,127.064112,33052.15
1433,37.516016,127.065248,12618.52
1434,37.516016,127.066384,12618.52
1435,37.516917,127.01187,27007.77
1436,37.516917,127.013006,27007.77
1437,37.516917,127.014142,139116.94
1438,37.516917,127.015277,139116.94
1439,37.516917,127.016413,71467.94
1440,37.516917,127.017549,71467.94
1441,37.516917,127.018684,71467.94
1442,37.516917,127.01982,63777.69
1443,37.516917,127.020956,63777.69
1444,37.516917,127.022092,20380.32
1445,37.516917,127.023227,20380.32
1446,37.516917,127.024363,20380.32
1447,37.516917,127.025499,40201.46
1448,37.516917,127.026634,40201.46
1449,37.516917,127.02777,15279.76
1450,37.516917,127.028906,15279.76
1451,37.516917,127.030041,15279.76
1452,37.516917,127.031177,44785.7
1453,37.516917,127.032313,44785.7
1454,37.516917,127.033448,4355.77
1455,37.516917,127.034584,4355.77
1456,37.516917,127.03572,4355.77
1457,37.516917,127.036856,28466.69
1458,37.516917,127.037991,28466.69
1459,37.516917,127.039127,40190.57
1460,37.516917,127.040263,40190.57
1461,37.516917,127.041398,40190.57
1462,37.516917,127.042534,73543.15
1463,37.516917,127.04367,73543.15
1464,37.516917,127.044805,53460.78
1465,37.516917,127.045941,30312.22
1466,37.516917,127.047077,30312.22
1467,37.516917,127.048212,74267.72
1468,37.516917,127.049348,74267.72
1469,37.516917,127.050484,32670.35
1470,37.516917,127.05162,32670.35
1471,37.516917,127.052755,32670.35
1472,37.516917,127.053891,117.43
1473,37.516917,127.055027,117.43
1474,37.516917,127.056162,925.55
1475,37.516917,127.057298,925.55
1476,37.516917,127.058434,925.55
1477,37.516917,127.059569,15697.37
1478,37.516917,127.060705,15697.37
1479,37.516917,127.061841,33052.15
1480,37.516917,127.062976,33052.15
1481,37.516917,127.064112,33052.15
1482,37.516917,127.065248,12618.52
1483,37.516917,127.066384,12618.52
1484,37.517818,127.01187,27007.77
1485,37.517818,127.013006,27007.77
1486,37.517818,127.014142,139116.94
1487,37.517818,127.015277,139116.94
1488,37.517818,127.016413,71467.94
1489,37.517818,127.017549,71467.94
1490,37.517818,127.018684,71467.94
1491,37.517818,127.01982,63777.69
1492,37.517818,127.020956,63777.69
1493,37.517818,127.022092,20380.32
1494,37.517818,127.023227,20380.32
1495,37.517818,127.024363,20380.32
1496,37.517818,127.025499,40201.46
1497,37.517818,127.026634,40201.46
1498,37.517818,127.02777,15279.76
1499,37.517818,127.028906,15279.76
1500,37.517818,127.030041,15279.76
1501,37.517818,127.031177,44785.7
1502,37.517818,127.032313,44785.7
1503,37.517818,127.033448,4355.77
1504,37.517818,127.034584,4355.77
1505,37.517818,127.03572,4355.77
1506,37.517818,127.036856,28466.69
1507,37.517818,127.037991,28466.69
1508,37.517818,127.039127,40190.57
1509,37.517818,127.040263,40190.57
1510,37.517818,127.041398,40190.57
1511,37.517818,127.042534,73543.15
1512,37.517818,127.04367,73543.15
1513,37.517818,127.044805,53460.78
1514,37.517818,127.045941,53460.78
1515,37.517818,127.047077,53460.78
1516,37.517818,127.048212,73033.73
1517,37.517818,127.049348,73033.73
1518,37.517818,127.050484,40829.52
1519,37.517818,127.05162,40829.52
1520,37.517818,127.052755,40829.52
1521,37.517818,127.053891,594.48
1522,37.517818,127.055027,594.48
1523,37.517818,127.056162,1763.13
1524,37.517818,127.057298,1763.13
1525,37.517818,127.058434,1763.13
1526,37.517818,127.059569,40167.85
1527,37.517818,127.060705,40167.85
1528,37.517818,127.061841,344.49
1529,37.517818,127.062976,344.49
1530,37.517818,127.064112,344.49
1531,37.517818,127.065248,24528.39
1532,37.517818,127.066384,24528.39
1533,37.518719,127.013006,27007.77
1534,37.518719,127.014142,139116.94
1535,37.518719,127.015277,139116.94
1536,37.518719,127.016413,71467.94
1537,37.518719,127.017549,71467.94
1538,37.518719,127.018684,71467.94
1539,37.518719,127.01982,63777.69
1540,37.518719,127.020956,63777.69
1541,37.518719,127.022092,20380.32
1542,37.518719,127.023227,20380.32
1543,37.518719,127.024363,20380.32
1544,37.518719,127.025499,40201.46
1545,37.518719,127.026634,40201.46
1546,37.518719,127.02777,15279.76
1547,37.518719,127.028906,15279.76
1548,37.518719,127.030041,15279.76
1549,37.518719,127.031177,44785.7
1550,37.518719,127.032313,44785.7
1551,37.518719,127.033448,4355.77
1552,37.518719,127.034584,4355.77
1553,37.518719,127.03572,4355.77
1554,37.518719,127.036856,28466.69
1555,37.518719,127.037991,28466.69
1556,37.518719,127.039127,40190.57
1557,37.518719,127.040263,40190.57
1558,37.518719,127.041398,40190.57
1559,37.518719,127.042534,73543.15
1560,37.518719,127.04367,73543.15
1561,37.518719,127.044805,53460.78
1562,37.518719,127.045941,53460.78
1563,37.518719,127.047077,53460.78
1564,37.518719,127.048212,73033.73
1565,37.518719,127.049348,73033.73
1566,37.518719,127.050484,40829.52
1567,37.518719,127.05162,40829.52
1568,37.518719,127.052755,40829.52
1569,37.518719,127.053891,594.48
1570,37.518719,127.055027,594.48
1571,37.518719,127.056162,1763.13
1572,37.518719,127.057298,1763.13
1573,37.518719,127.058434,1763.13
1574,37.518719,127.059569,40167.85
1575,37.518719,127.060705,40167.85
1576,37.518719,127.061841,344.49
1577,37.518719,127.062976,344.49
1578,37.518719,127.064112,344.49
1579,37.518719,127.065248,24528.39
1580,37.51962,127.014142,36771.36
1581,37.51962,127.015277,36771.36
1582,37.51962,127.016413,2377.09
1583,37.51962,127.017549,2377.09
1584,37.51962,127.018684,2377.09
1585,37.51962,127.01982,31176.42
1586,37.51962,127.020956,31176.42
1587,37.51962,127.022092,40223.89
1588,37.51962,127.023227,40223.89
1589,37.51962,127.024363,40223.89
1590,37.51962,127.025499,22279.92
1591,37.51962,127.026634,22279.92
1592,37.51962,127.02777,8218.42
1593,37.51962,127.028906,8218.42
1594,37.51962,127.030041,8218.42
1595,37.51962,127.031177,20624.13
1596,37.51962,127.032313,20624.13
1597,37.51962,127.033448,25710.68
1598,37.51962,127.034584,25710.68
1599,37.51962,127.03572,25710.68
1600,37.51962,127.036856,43976.69
1601,37.51962,127.037991,43976.69
1602,37.51962,127.039127,20981.92
1603,37.51962,127.040263,20981.92
1604,37.51962,127.041398,20981.92
1605,37.51962,127.042534,475.26
1606,37.51962,127.04367,475.26
1607,37.51962,127.044805,71334.13
1608,37.51962,127.045941,71334.13
1609,37.51962,127.047077,71334.13
1610,37.51962,127.048212,48159.2
1611,37.51962,127.049348,48159.2
1612,37.51962,127.050484,13140.56
1613,37.51962,127.05162,13140.56
1614,37.51962,127.052755,13140.56
1615,37.51962,127.053891,2279.43
1616,37.51962,127.055027,2279.43
1617,37.51962,127.056162,57439.22
1618,37.51962,127.057298,57439.22
1619,37.51962,127.058434,57439.22
1620,37.51962,127.059569,33326.33
1621,37.51962,127.060705,33326.33
1622,37.51962,127.061841,3559.8
1623,37.51962,127.062976,3559.8
1624,37.520521,127.015277,36771.36
1625,37.520521,127.016413,2377.09
1626,37.520521,127.017549,2377.09
1627,37.520521,127.018684,2377.09
1628,37.520521,127.01982,31176.42
1629,37.520521,127.020956,31176.42
1630,37.520521,127.022092,40223.89
1631,37.520521,127.023227,40223.89
1632,37.520521,127.024363,40223.89
1633,37.520521,127.025499,22279.92
1634,37.520521,127.026634,22279.92
1635,37.520521,127.02777,8218.42
1636,37.520521,127.028906,8218.42
1637,37.520521,127.030041,8218.42
1638,37.520521,127.031177,20624.13
1639,37.520521,127.032313,20624.13
1640,37.520521,127.033448,25710.68
1641,37.520521,127.034584,25710.68
1642,37.520521,127.03572,25710.68
1643,37.520521,127.036856,43976.69
1644,37.520521,127.037991,43976.69
1645,37.520521,127.039127,20981.92
1646,37.520521,127.040263,20981.92
1647,37.520521,127.041398,20981.92
1648,37.520521,127.042534,475.26
1649,37.520521,127.04367,475.26
1650,37.520521,127.044805,71334.13
1651,37.520521,127.045941,71334.13
1652,37.520521,127.047077,71334.13
1653,37.520521,127.048212,48159.2
1654,37.520521,127.049348,48159.2
1655,37.520521,127.050484,13140.56
1656,37.520521,127.05162,13140.56
1657,37.520521,127.052755,13140.56
1658,37.520521,127.053891,2279.43
1659,37.520521,127.055027,2279.43
1660,37.520521,127.056162,57439.22
1661,37.520521,127.057298,57439.22
1662,37.520521,127.058434,57439.22
1663,37.520521,127.059569,33326.33
1664,37.520521,127.060705,33326.33
1665,37.521422,127.016413,15528.76
1666,37.521422,127.017549,15528.76
1667,37.521422,127.018684,15528.76
1668,37.521422,127.01982,27875.33
1669,37.521422,127.020956,27875.33
1670,37.521422,127.022092,19837.27
1671,37.521422,127.023227,19837.27
1672,37.521422,127.024363,19837.27
1673,37.521422,127.025499,61232.05
1674,37.521422,127.026634,61232.05
1675,37.521422,127.02777,57166.98
1676,37.521422,127.028906,57166.98
1677,37.521422,127.030041,57166.98
1678,37.521422,127.031177,51053.22
1679,37.521422,127.032313,51053.22
1680,37.521422,127.033448,9207.46
1681,37.521422,127.034584,9207.46
1682,37.521422,127.03572,9207.46
1683,37.521422,127.036856,44988.57
1684,37.521422,127.037991,44988.57
1685,37.521422,127.039127,28467.33
1686,37.521422,127.040263,28467.33
1687,37.521422,127.041398,28467.33
1688,37.521422,127.042534,34234.18
1689,37.521422,127.04367,34234.18
1690,37.521422,127.044805,72872.45
1691,37.521422,127.045941,71334.13
1692,37.521422,127.047077,71334.13
1693,37.521422,127.048212,48159.2
1694,37.521422,127.049348,48159.2
1695,37.521422,127.050484,13140.56
1696,37.521422,127.05162,13140.56
1697,37.521422,127.052755,13140.56
1698,37.521422,127.053891,2279.43
1699,37.521422,127.055027,2279.43
1700,37.521422,127.056162,57439.22
1701,37.521422,127.057298,57439.22
1702,37.521422,127.058434,57439.22
1703,37.522322,127.017549,15528.76
1704,37.522322,127.018684,15528.76
1705,37.522322,127.01982,27875.33
1706,37.522322,127.020956,27875.33
1707,37.522322,127.022092,19837.27
1708,37.522322,127.023227,19837.27
1709,37.522322,127.024363,19837.27
1710,37.522322,127.025499,61232.05
1711,37.522322,127.026634,61232.05
1712,37.522322,127.02777,57166.98
1713,37.522322,127.028906,57166.98
1714,37.522322,127.030041,57166.98
1715,37.522322,127.031177,51053.22
1716,37.522322,127.032313,51053.22
1717,37.522322,127.033448,9207.46
1718,37.522322,127.034584,9207.46
1719,37.522322,127.03572,9207.46
1720,37.522322,127.036856,44988.57
1721,37.522322,127.037991,44988.57
1722,37.522322,127.039127,28467.33
1723,37.522322,127.040263,28467.33
1724,37.522322,127.041398,28467.33
1725,37.522322,127.042534,34234.18
1726,37.522322,127.04367,34234.18
1727,37.522322,127.044805,72872.45
1728,37.522322,127.045941,72872.45
1729,37.522322,127.047077,72872.45
1730,37.522322,127.048212,669.95
1731,37.522322,127.049348,669.95
1732,37.522322,127.050484,28048.36
1733,37.522322,127.05162,28048.36
1734,37.522322,127.052755,28048.36
1735,37.522322,127.053891,26070.34
1736,37.522322,127.055027,26070.34
1737,37.523223,127.017549,15528.76
1738,37.523223,127.018684,15528.76
1739,37.523223,127.01982,27875.33
1740,37.523223,127.020956,27875.33
1741,37.523223,127.022092,19837.27
1742,37.523223,127.023227,19837.27
1743,37.523223,127.024363,19837.27
1744,37.523223,127.025499,61232.05
1745,37.523223,127.026634,61232.05
1746,37.523223,127.02777,57166.98
1747,37.523223,127.028906,57166.98
1748,37.523223,127.030041,57166.98
1749,37.523223,127.031177,51053.22
1750,37.523223,127.032313,51053.22
1751,37.523223,127.033448,9207.46
1752,37.523223,127.034584,9207.46
1753,37.523223,127.03572,9207.46
1754,37.523223,127.036856,44988.57
1755,37.523223,127.037991,44988.57
1756,37.523223,127.039127,28467.33
1757,37.523223,127.040263,28467.33
1758,37.523223,127.041398,28467.33
1759,37.523223,127.042534,34234.18
1760,37.523223,127.04367,34234.18
1761,37.523223,127.044805,72872.45
1762,37.523223,127.045941,72872.45
1763,37.523223,127.047077,72872.45
1764,37.523223,127.048212,669.95
1765,37.523223,127.049348,669.95
1766,37.523223,127.050484,28048.36
1767,37.523223,127.05162,28048.36
1768,37.523223,127.052755,28048.36
1769,37.524124,127.018684,894.76
1770,37.524124,127.01982,47056.47
1771,37.524124,127.020956,47056.47
1772,37.524124,127.022092,37108.32
1773,37.524124,127.023227,37108.32
1774,37.524124,127.024363,37108.32
1775,37.524124,127.025499,37262.1
1776,37.524124,127.026634,37262.1
1777,37.524124,127.02777,15148.02
1778,37.524124,127.028906,15148.02
1779,37.524124,127.030041,15148.02
1780,37.524124,127.031177,26765.85
1781,37.524124,127.032313,26765.85
1782,37.524124,127.033448,950.14
1783,37.524124,127.034584,950.14
1784,37.524124,127.03572,950.14
1785,37.524124,127.036856,23525.11
1786,37.524124,127.037991,23525.11
1787,37.524124,127.039127,41131.13
1788,37.524124,127.040263,41131.13
1789,37.524124,127.041398,41131.13
1790,37.524124,127.042534,25561.1
1791,37.524124,127.04367,25561.1
1792,37.524124,127.044805,664.54
1793,37.524124,127.045941,664.54
1794,37.524124,127.047077,664.54
1795,37.524124,127.048212,20581.1
1796,37.524124,127.049348,20581.1
1797,37.524124,127.050484,37886.0
1798,37.525025,127.01982,47056.47
1799,37.525025,127.020956,47056.47
1800,37.525025,127.022092,37108.32
1801,37.525025,127.023227,37108.32
1802,37.525025,127.024363,37108.32
1803,37.525025,127.025499,37262.1
1804,37.525025,127.026634,37262.1
1805,37.525025,127.02777,15148.02
1806,37.525025,127.028906,15148.02
1807,37.525025,127.030041,15148.02
1808,37.525025,127.031177,26765.85
1809,37.525025,127.032313,26765.85
1810,37.525025,127.033448,950.14
1811,37.525025,127.034584,950.14
1812,37.525025,127.03572,950.14
1813,37.525025,127.036856,23525.11
1814,37.525025,127.037991,23525.11
1815,37.525025,127.039127,41131.13
1816,37.525025,127.040263,41131.13
1817,37.525025,127.041398,41131.13
1818,37.525025,127.042534,25561.1
1819,37.525025,127.04367,25561.1
1820,37.525025,127.044805,664.54
1821,37.525025,127.045941,664.54
1822,37.525025,127.047077,664.54
1823,37.525025,127.048212,20581.1
1824,37.525926,127.020956,4774.05
1825,37.525926,127.022092,8620.42
1826,37.525926,127.023227,8620.42
1827,37.525926,127.024363,8620.42
1828,37.525926,127.025499,34035.2
1829,37.525926,127.026634,34035.2
1830,37.525926,127.02777,168520.15
1831,37.525926,127.028906,168520.15
1832,37.525926,127.030041,168520.15
1833,37.525926,127.031177,8399.44
1834,37.525926,127.032313,8399.44
1835,37.525926,127.033448,55878.61
1836,37.525926,127.034584,55878.61
1837,37.525926,127.03572,55878.61
1838,37.525926,127.036856,65241.2
1839,37.525926,127.037991,65241.2
1840,37.525926,127.039127,3728.4
1841,37.525926,127.040263,3728.4
1842,37.525926,127.041398,3728.4
1843,37.525926,127.042534,30354.55
1844,37.525926,127.04367,30354.55
1845,37.525926,127.044805,664.54
1846,37.526827,127.022092,8620.42
1847,37.526827,127.023227,8620.42
1848,37.526827,127.024363,8620.42
1849,37.526827,127.025499,34035.2
1850,37.526827,127.026634,34035.2
1851,37.526827,127.02777,168520.15
1852,37.526827,127.028906,168520.15
1853,37.526827,127.030041,168520.15
1854,37.526827,127.031177,8399.44
1855,37.526827,127.032313,8399.44
1856,37.526827,127.033448,55878.61
1857,37.526827,127.034584,55878.61
1858,37.526827,127.03572,55878.61
1859,37.526827,127.036856,65241.2
1860,37.526827,127.037991,65241.2
1861,37.526827,127.039127,3728.4
1862,37.526827,127.040263,3728.4
1863,37.526827,127.041398,3728.4
1864,37.526827,127.042534,30354.55
1865,37.527728,127.022092,8620.42
1866,37.527728,127.023227,8620.42
1867,37.527728,127.024363,8620.42
1868,37.527728,127.025499,34035.2
1869,37.527728,127.026634,34035.2
1870,37.527728,127.02777,168520.15
1871,37.527728,127.028906,168520.15
1872,37.527728,127.030041,168520.15
1873,37.527728,127.031177,8399.44
1874,37.527728,127.032313,8399.44
1875,37.527728,127.033448,55878.61
1876,37.527728,127.034584,55878.61
1877,37.527728,127.03572,55878.61
1878,37.527728,127.036856,65241.2
1879,37.527728,127.037991,65241.2
1880,37.527728,127.039127,3728.4
1881,37.527728,127.040263,3728.4
1882,37.528629,127.023227,16758.09
1883,37.528629,127.024363,16758.09
1884,37.528629,127.025499,25667.78
1885,37.528629,127.026634,25667.78
1886,37.528629,127.02777,1755.98
1887,37.528629,127.028906,1755.98
1888,37.528629,127.030041,1755.98
1889,37.528629,127.031177,30769.83
1890,37.528629,127.032313,30769.83
1891,37.528629,127.033448,18875.01
1892,37.528629,127.034584,18875.01
1893,37.528629,127.03572,18875.01
1894,37.528629,127.036856,24672.39
1895,37.52953,127.024363,16758.09
1896,37.52953,127.025499,25667.78
1897,37.52953,127.026634,25667.78
1898,37.52953,127.02777,1755.98
1899,37.52953,127.028906,1755.98
1900,37.52953,127.030041,1755.98
1901,37.52953,127.031177,30769.83
1902,37.52953,127.032313,30769.83
1903,37.52953,127.033448,18875.01
1904,37.52953,127.034584,18875.01
1905,37.530431,127.025499,803.86
1906,37.530431,127.026634,803.86
1907,37.530431,127.02777,55388.75
1908,37.530431,127.028906,55388.75
1909,37.530431,127.030041,55388.75
1910,37.530431,127.031177,447.59
1911,37.530431,127.032313,447.59
1912,37.531331,127.026634,803.86
1913,37.531331,127.02777,55388.75
1914,37.531331,127.028906,55388.75
1915,37.531331,127.030041,55388.75
